,login,reponum,code,star,commit,Objective-C,Clojure,Java,Go,JavaScript,Swift
0,akiselev,5,7418,2,33,0,0,0,0,0,0
0,ranquild,1,199,0,25,0,0,0,0,0,0
0,kulyk,3,16939,0,548,0,0,0,0,15442,0
0,WiNloSt,46,395470,7,1102,0,0,0,0,0,0
0,nemanjaglumac,4,5259030,3,22857,0,9213181,2685,0,6894043,0
0,noahmoss,5,13960816,0,733,0,0,0,0,0,0
0,alxnddr,2,40039,0,8,0,0,0,0,0,0
0,gusaiani,82,1723299,169,3944,0,0,0,0,0,0
0,jeff303,9,16997,21,50,0,0,6919,0,0,0
0,howonlee,79,4423199,80,3044,0,0,0,0,0,0
0,ariya,8,407506,29294,2384,0,0,0,0,11119,0
0,camsaul,51,1580139,618,1577,0,74210,0,0,0,0
0,adam-james-v,24,1194318,203,393,0,0,0,0,0,0
0,daltojohnso,12,90368,0,202,0,0,0,0,2845363,0
0,jeff-bruemmer,5,4881,2,113,0,0,0,0,0,0
0,dpsutton,33,79919,58,2633,0,0,0,0,0,0
0,frannietrempe,1,1317,1,416,0,0,0,0,0,0
0,rlotun,3,1330,82,24,0,0,0,0,0,0
0,flamber,0,0,0,0,0,0,0,0,0,0
0,pawit-metabase,0,0,0,0,0,0,0,0,0,0
0,escherize,58,6023637,282,776,0,0,0,0,0,0
0,iethree,45,6413498,16,924,0,0,0,0,35690,0
0,paoliniluis,10,29662,4,26,0,0,0,0,4642,0
0,gvwilson,27,11581914,498,5809,0,0,0,0,311483,0
0,mazameli,4,112219,0,53,0,0,0,0,2981328,0
0,tsmacdonald,36,3275935,24,14255,1347048,0,0,0,0,0
0,qnkhuat,64,21432826,282,2232,0,0,0,0,446157,0
0,losrebellos,5,26373,8,256,0,0,0,0,0,0
0,paulrosenzweig,6,244766,62,88,0,0,0,12068,0,0
0,kdoh,82,1618113,177,2029,0,0,0,0,0,0
0,kidd,15,248929,16,240,0,0,0,0,18370,0
0,robdaemon,16,435455,8,88,0,0,0,0,0,0
0,walterl,20,180347,53,1343,0,0,0,0,0,0
0,ellie-metabase,0,0,0,0,0,0,0,0,0,0
0,Opalevanescence,17,275982,0,359,0,0,0,0,0,0
0,sbelak,5,1702,257,235,0,0,0,0,0,0
0,dianaafanador3,10,3049358,1,18,60389,0,0,0,0,0
0,tgoyne,13,894040,41,16055,0,0,0,0,0,0
0,leemaguire,1,800,0,3,0,0,0,0,0,4547
0,kneth,20,1334654,23,241,0,0,0,0,0,0
0,danieltabacaru,0,0,0,0,0,0,0,0,0,0
0,pavel-ship-it,3,11040,0,31,5437,0,0,0,0,52757
0,mpobrien,51,543714,43,1901,0,0,0,0,0,0
0,ericjordanmossman,1,1565,0,13,0,0,0,0,0,17408
0,jsflax,17,928590,3,347,0,0,0,0,67,0
0,DominicFrei,20,2795298,1,19586,702,0,0,0,0,74365
0,jedelbo,1,375,0,11,0,0,0,0,0,0
0,finnschiermer,1,2875,20,172,0,0,0,0,0,0
0,kraenhansen,40,232963,39,470,0,0,0,0,0,0
0,fealebenpae,2,1079601,2,5,95625,0,0,0,0,0
0,stennie,7,135035,31,35,0,0,0,0,0,0
0,nirinchev,24,362337,48,238,0,0,0,0,0,0
0,bmunkholm,2,386,1,65,0,0,0,0,0,0
0,qubblr,3,637,2,10,0,0,0,0,0,13696
0,heyzooi,19,638244,5,353,132843,0,0,0,0,0
0,artem-alexandrov,1,152,0,3,0,0,0,0,0,0
0,cmelchior,14,234444,230,475,0,0,334615,0,0,0
0,osianSmith,6,1113301,16,90,0,0,0,0,0,2688
0,irace,61,984924,626,1660,136493,0,0,0,0,0
0,SandyChapman,10,18971,23,88,0,0,0,0,0,0
0,phoney,5,26603,0,64,131776,0,0,0,0,258588
0,bdash,6,10173,27,224,0,0,0,0,0,0
0,kishikawakatsumi,111,41587758,20109,5155,1819790,0,0,0,0,0
0,jgavris,3,1788,182,53,0,0,0,0,0,0
0,crontab,14,63969,11,948,0,0,0,0,16453,0
0,mbalex99,57,2822249,206,1099,0,0,0,0,10280913,0
0,geoffmacd,15,170426,114,882,2680910,0,0,0,0,0
0,austinzheng,13,45641,3500,427,3545,0,0,0,0,0
0,icanzilb,57,552082,9081,1256,10505,0,0,0,0,0
0,mohuilin,16,575635,106,4916,0,0,0,0,0,0
0,gcox,0,0,0,0,0,0,0,0,0,0
0,fawadsuhail,5,4314,2,48,0,0,0,0,0,14001
0,BenjaminKim,6,73143,411,1028,0,0,0,0,0,0
0,bigfish24,14,208594,694,681,276922,0,0,0,0,0
0,emanuelez,10,15389,33,461,0,0,187938,0,3448,0
0,jpsim,50,1186415,6710,3686,244280,0,0,0,0,341875
0,larkost,2,78931,1,17,0,0,0,0,0,0
0,nathan-contino-mongo,9,22959,1,84,0,0,0,0,0,0
0,aviwarner,27,590295,6,267,0,0,0,0,25967,0
0,d-date,22,104109,94,167,0,0,0,0,0,0
0,nahive,16,358894,162,404,0,0,0,0,1481,0
0,1amageek,91,563775,2706,4978,229734,0,0,0,0,0
0,pixelchef,11,25002,1,305,0,0,0,0,122654,0
0,TimOliver,69,617644,9231,4470,1907977,0,0,0,0,0
0,dimazen,15,31653,61,129,83694,0,0,0,0,0
0,andkon,28,869153,4,2103,99230,0,0,0,0,0
0,tebica,9,39611,7,728,0,0,0,0,0,0
0,noisypigeon,1,5,0,3,0,0,0,0,0,0
0,0xced,30,396582,6813,2620,9445,0,0,0,0,0
0,stel,6,45642,108,90,40642,0,0,0,0,0
0,radu-tutueanu,1,38989,1,244,0,0,0,0,72809,0
0,teotwaki,17,172925,9,680,0,0,0,0,37394,0
0,ryanhornik-as,0,0,0,0,0,0,0,0,0,0
0,rokgregoric,7,6619,8,246,53522,0,0,0,0,0
0,jdanthinne,12,15510,61,440,0,0,0,0,13039,0
0,morten-krogh,14,225936,28,1293,0,0,0,0,0,0
0,mrackwitz,15,91442,3163,950,3450,0,0,0,0,0
0,sora0077,77,181135,42,1746,423236,0,0,0,0,0
0,AnthonyMDev,16,105265,151,514,82650,0,0,0,0,0
0,bnickel,21,65594,84,333,0,0,0,0,262108,0
0,koyachi,57,530878,498,473,0,0,0,0,0,0
0,esuEichi,10,837193,1,150,0,0,0,0,2153,0
0,adomanico,0,0,0,0,0,0,0,0,0,0
0,beeender,18,108861,444,549,0,0,0,0,0,0
0,lesyk,9,23183,2,101,164856,0,0,0,17349,0
0,RafaelPlantard,41,334545,2,382,0,0,0,0,0,0
0,danielgindi,98,182160,25910,4746,0,0,0,0,5857,0
0,IljaKosynkin,9,23231,133,82,33746,0,0,0,0,0
0,skydivedan,2,2021,0,9,0,0,0,0,0,3636
0,JadenGeller,5,3908,31,117,17442,0,0,0,0,0
0,zaki50,58,665028,206,1365,0,0,0,0,0,0
0,ZhengzheYang,8,1171082,4,108,0,0,137756,0,0,0
0,johnma14,2,3,0,2,0,0,0,0,0,0
0,lambdai,12,482999,3,1407,0,0,0,0,641252,0
0,zirain,11,169196,5,452,0,0,0,0,0,0
0,howardjohn,32,1675970,181,655,0,0,0,0,88574,0
0,litong01,27,192645,18,1167,0,0,0,0,111815,0
0,stevenctl,35,288271,10,401,0,0,0,0,5279,0
0,ceastman-r7,0,0,0,0,0,0,0,0,0,0
0,bianpengyuan,7,570382,8,113,0,0,0,9679,0,0
0,ericvn,1,214,0,6,0,0,0,0,0,0
0,dddddai,4,54707,1,1220,0,0,0,11450,0,0
0,nmittler,7,57261,1,88,0,0,750148,0,0,0
0,Monkeyanator,27,2886807,11,430,0,0,40250,0,0,0
0,ramaraochavali,3,152,0,5,0,0,0,0,0,0
0,costinm,28,1500315,31,885,0,0,0,0,0,0
0,frankbu,2,313,0,4,0,0,0,0,0,0
0,lgadban,11,17078,1,77,0,0,0,0,0,0
0,ruigulala,5,18605220,13,396,0,0,0,0,0,0
0,lei-tang,2,38864,0,58,0,0,0,0,0,0
0,zhlsunshine,8,383747,0,23,0,0,0,8396118,0,0
0,hzxuzhonghu,6,9656,4,23,0,0,0,0,0,0
0,shankgan,0,0,0,0,0,0,0,0,0,0
0,douglas-reid,4,2700348,0,36,0,0,0,179661,0,0
0,therealmitchconnors,7,4083,0,82,0,0,0,0,0,0
0,esnible,7,325078,9,97,0,0,0,0,0,0
0,yangminzhu,5,2835166,0,35,0,0,0,0,0,0
0,morvencao,15,1529194,540,449,0,0,0,24618,0,0
0,ostromart,1,5955667,1,52,0,0,0,311100,0,0
0,richardwxn,9,1401695,3,44,0,0,51985,0,0,0
0,hanxiaop,8,126951,1,24,0,0,0,0,0,0
0,myidpt,8,259499,12,93,0,0,0,0,0,0
0,liminw,2,55718,0,471,0,0,0,0,54158,0
0,jacob-delgado,1,5801141,0,6563,0,0,0,695,1760,0
0,irisdingbj,13,235787,6,665,0,0,0,0,0,0
0,Kmoneal,4,4288,2,31,0,0,0,0,0,0
0,aryan16,11,407479,0,67,0,0,0,0,0,0
0,jtrbs,3,39673,0,33,0,0,0,0,0,0
0,kebe7jun,14,2243157,78,203,0,0,0,0,9679,0
0,GregHanson,2,2258,7,27,0,0,0,22120,0,0
0,nmnellis,9,991139,391,135,0,0,0,95016,71654,0
0,dgn,6,10840,39,64,0,0,0,0,0,0
0,mandarjog,22,1824437,28,7603,0,0,0,0,0,0
0,linsun,24,1184396,8,294,0,0,0,0,0,0
0,nicole-lihui,11,214270,3,147,149,0,0,0,0,1616
0,justinpettit,0,0,0,0,0,0,0,0,0,0
0,ZhiHanZ,24,8838592,22,345,0,0,0,0,0,0
0,brian-avery,9,431669,2,206,0,0,0,0,0,0
0,sergii-ssh,0,0,0,0,0,0,0,0,0,0
0,Shikugawa,34,988490,27,3012,0,0,0,0,18763,0
0,stewartbutler,1,956,0,1,0,0,0,5308,0,0
0,zackzhangkai,4,2422431,10,418,0,0,0,0,0,0
0,nielsole,13,128984,12,406,0,0,0,0,2174,0
0,jwendell,30,3513705,123,26146,0,0,0,0,327,0
0,su225,8,756714,3,253,0,0,0,464088,0,0
0,yingzhuivy,0,0,0,0,0,0,0,0,0,0
0,tbarrella,2,15640,11,474,0,0,0,0,0,0
0,eliavem,2,451353,0,4,0,0,0,33204,0,0
0,zhaohuabing,49,10553,521,4671,0,0,16284,0,0,0
0,xulingqing,0,0,0,0,0,0,0,0,0,0
0,kyessenov,10,1567593,39,3503,0,0,0,0,0,0
0,sunbit,11,20558,0,92,0,0,0,0,0,0
0,JimmyCYJ,8,21911,2,197,0,0,0,0,0,0
0,jasonwzm,22,574938,2,807,0,0,0,0,12815,0
0,incfly,17,69573,7,369,0,0,0,0,0,0
0,adiprerepa,29,401164,9,651,0,0,102397,0,0,0
0,zufardhiyaulhaq,67,236664,214,2536,0,0,0,0,0,0
0,devincd,10,27205,30,134,0,0,0,0,0,0
0,silenceshell,23,945057,806,424,0,0,0,38146,0,0
0,ChenglongGao327,0,0,0,0,0,0,0,0,0,0
0,nak3,36,4016752,52,988,0,0,0,0,0,0
0,jmazzitelli,14,2449097,23,168,0,0,95615,0,0,0
0,gy95,1,16,0,3,0,0,0,0,0,0
0,S-Chan,1,89,0,1,0,0,0,0,0,0
0,JoshVanL,51,6703661,16,2990,0,0,22711,0,0,0
0,williamaronli,3,15394,0,10,0,0,0,55946,0,0
0,kailun-qin,1,6577,0,2,0,0,0,0,0,0
0,ryantking,19,308645,18,361,0,0,0,0,0,0
0,shamsher31,41,260438,15,556,0,0,0,0,940,0
0,akshitgrover,49,861298,105,729,0,0,0,0,62078,0
0,nrjpoddar,6,3663,1,47,0,0,4836,0,0,0
0,chizhg,7,10236,9,78,0,0,0,0,0,0
0,qfel,3,3842,8,76,0,0,0,0,0,0
0,wzshiming,136,887937,492,3695,0,0,0,81787,0,0
0,lizan,10,14356563,96,63,10879,0,0,0,0,0
0,sridharlreddy,3,92,0,11,0,0,0,0,0,0
0,domcyrus,2,618,1,6,0,0,0,0,0,0
0,zhongfox,23,1399338,43,1035,0,0,0,0,0,0
0,smwyzi,5,35032,0,119,0,0,0,0,0,0
0,shivanshu1333,17,284558,10,158,0,0,0,0,0,0
0,xichengliudui,5,4223,0,42,0,0,0,0,0,0
0,rveerama1,0,0,0,0,0,0,0,0,0,0
0,dbgoytia,42,7710269,4,807,0,0,0,0,1732,0
0,elfinhe,2,2008,0,15,0,0,55267,0,0,0
0,zerobfd,2,1668,1,3,0,0,0,0,0,0
0,DineshKrishnanG,5,32080,0,71,0,0,132906,0,0,0
0,PiotrSikora,3,19626,31,1523,0,0,0,0,0,0
0,carolynhu,5,2205982,0,80,0,0,0,11575,0,0
0,yanniszark,23,2711811,6,141,0,0,0,0,0,0
0,gargnupur,0,0,0,0,0,0,0,0,0,0
0,aattuluri,4,3041,0,63,0,0,57608,0,1700,0
0,josephpeacock,0,0,0,0,0,0,0,0,0,0
0,panjf2000,14,49672,14664,1835,0,0,0,0,0,0
0,sdake,30,1474478,69,40678,0,0,0,0,0,0
0,liwenhao0810,0,0,0,0,0,0,0,0,0,0
0,daixiang0,4,30195,149,235,0,0,0,91879,0,0
0,sunzhaochang,5,1179694,2,34,0,0,0,0,295691,0
0,sel-vcc,2,16,0,13,0,0,0,0,0,0
0,craigbox,0,0,0,0,0,0,0,0,0,0
0,chethan-89,3,18455,1,122,0,0,0,0,0,0
0,diogormendes,3,13089,0,6,0,0,0,0,0,0
0,npfitz,10,184358,5,69,0,0,68192,0,0,0
0,john-metabase,0,0,0,0,0,0,0,0,0,0
0,alazier,0,0,0,0,0,0,0,0,0,0
0,segiddins,70,655014,439,928,0,0,0,0,1282,0
0,kspangsege,1,69947,1,2,0,0,0,0,0,0
0,GreatApe,4,66372,2,121,0,0,0,0,0,319665
0,zuschlag,0,0,0,0,0,0,0,0,0,0
0,timanglade,3,22957,73,85,0,0,0,0,0,0
0,simonask,28,312741,666,3179,0,0,0,0,0,0
0,sheelc,10,53221,23,240,0,0,0,0,23674,0
0,xian,12,190902,40,853,0,0,0,0,0,0
0,Gerg,21,1597118,14,162,0,0,0,0,0,0
0,elliot-nelson,13,125269,12,577,0,0,0,0,173583,0
0,infews,32,257440,91,716,0,0,0,0,148,0
0,nitobuendia,6,10774,59,201,0,0,0,0,0,0
0,voithos,26,465668,233,2280,0,0,0,0,0,0
0,vhermannitk,1,1,0,1,0,0,0,0,0,0
0,rgould,10,69748,6,1304,0,0,0,0,1198,0
0,DCtheTall,39,251801,281,1765,0,0,0,0,38868,0
0,jbunton-atlassian,1,619,0,2,0,0,0,0,699,0
0,maxbrunsfeld,25,155984,1231,11261,0,0,0,0,218101,0
0,moonmaster9000,76,174913,393,1983,0,0,0,0,0,0
0,amilligan,5,5816,23,72,0,0,0,0,0,0
0,kapke,32,737105,32,587,0,0,0,0,0,0
0,jsoref,57,686325,120,10605,102809,0,0,0,471204,0
0,agilliland,1,345,0,1,0,1645,0,0,0,0
0,salsakran,5,29688,6,60,0,0,0,0,0,0
0,attekei,8,156034,5,232,0,0,0,0,3264,0
0,lewisl9029,28,1302055,108,1705,0,0,0,0,67441,0
0,senior,7,465749,11,84,0,0,1897,0,0,0
0,thearthur,19,458136,28,5954,0,0,0,0,0,0
0,darkares2,23,215389,9,167,0,0,0,0,0,0
0,mekjaer,5,29772,10,16,6317,0,0,0,0,0
0,astigsen,0,0,0,0,0,0,0,0,0,0
0,fyell,5,54943,1,18,0,0,0,0,0,0
0,danielpovlsen,3,6946,281,45,0,0,0,0,0,0
0,gcox,0,0,0,0,0,0,0,0,0,0
0,amavisca,0,0,0,0,0,0,0,0,0,0
0,jjepsen,0,0,0,0,0,0,0,0,0,0
0,tom-sparo,0,0,0,0,0,0,0,0,0,0
0,liamnichols,10,8405,28,131,0,0,0,0,0,0
0,samritchie,9,217100,30,287,0,0,0,0,0,0
0,dismory,2,3424,2,36,0,0,0,0,27654,0
0,Reflejo,27,52409,898,511,0,0,0,0,0,0
0,bjchrist,2,33736,0,29,0,0,0,0,65922,0
0,cbess,40,318741,913,1272,0,0,0,0,0,0
0,cltnschlosser,3,1809,0,4,0,0,0,0,0,0
0,yoshyosh,40,2090544,35,2052,0,0,0,0,2230514,0
0,kristiandupont,23,128537,479,1191,0,0,0,0,0,0
0,oleks,93,1462858,123,2210,0,0,0,0,0,0
0,vinnyt,9,2045,5,2109,0,0,0,0,0,0
0,cbush,11,150530,3,195,0,0,0,0,68619,0
0,hovoere,0,0,0,0,0,0,0,0,0,0
0,moored,0,0,0,0,0,0,0,0,0,0
0,pizthewiz,37,27043,149,2212,34739,0,0,0,0,0
0,Anviking,12,5685404,1155,962,1430878,0,0,0,0,0
0,marcboquet,12,153778,159,187,0,0,0,0,0,0
0,mttrb,10,97062,909,98,48610,0,0,0,0,0
0,natanrolnik,14,390995,146,650,114206,0,0,0,0,0
0,OliverLetterer,55,223420,2144,2268,81368,0,0,0,0,0
0,palewar,5,49199,221,111,0,0,0,0,0,267733
0,geragray,0,0,0,0,0,0,0,0,0,0
0,ksvitkovsky,0,0,0,0,0,0,0,0,0,0
0,pivotalangellist,0,0,0,0,0,0,0,0,0,0
0,tonyarnold,22,521356,249,938,0,0,0,0,0,0
0,yuuki1224,19,226741,1,324,1452537,0,0,0,0,0
0,MarkVillacampa,26,1406941,105,5049,0,0,0,0,0,0
0,1.31E+57,15,1090201,7,349,4592,0,0,0,0,0
0,allending,4,24183,17,133,463839,0,0,0,0,0
0,nevil,11,10703,9,97,0,0,0,0,0,0
0,andr3a88,29,295434,13,353,0,0,0,0,0,33820
0,neonichu,159,3517306,2975,1439,0,0,0,0,0,0
0,conradev,34,431810,1515,807,1030890,0,0,0,0,0
0,dacharyc,6,39143,0,62,0,0,0,0,0,0
0,molind,2,2203,10,11,13326,0,0,0,0,0
0,zntfdr,9,11350,499,296,0,0,0,0,0,0
0,byaruhaf,9,85406,3,691,0,0,0,0,0,461192
0,ikesyo,15,72349,880,1291,0,0,0,0,48,0
0,jlampa,1,518,0,2,0,0,0,0,536,0
0,jongchulshin,1,1467,0,3,0,0,0,0,0,3928
0,kittinunf,17,65119,5548,1426,682,0,0,0,0,23526
0,lukecottage,5,3825,1,89,0,0,0,0,0,0
0,bagvendt,12,300673,10,520,21674,0,0,0,0,0
0,bugix,19,69390,10,82,51241,0,44802,0,0,0
0,mrh-is,7,654098,26,244,22590,0,0,0,0,0
0,mamaral,19,61237,14185,1271,1093231,0,0,0,0,0
0,nhachicha,24,72391,82,81,4963,0,0,0,0,0
0,nicolas255,0,0,0,0,0,0,0,0,0,0
0,paulyhedral,35,111947,46,644,493103,0,0,0,0,0
0,pietbrauer,23,83338,147,221,883715,0,0,0,0,0
0,porsager,40,145882,4716,2133,0,0,0,0,19342,0
0,rogernolan,10,31540,5,114,54614,0,0,0,926,0
0,rzulkoski,11,20802,4,141,245330,0,0,0,0,0
0,manicmaniac,49,382592,184,3534,196717,0,0,0,0,0
0,raudabaugh,20,1892606,9,349,47302,0,0,0,0,0
0,appden,7,6287,344,83,0,0,0,0,81090,0
0,ShingoFukuyama,33,37639,1320,226,78854,0,0,0,0,0
0,youri-jeong,0,0,0,0,0,0,0,0,0,0
0,nakiwo,7,8261,22,34,44420,0,0,0,0,0
0,zubco,3,137221,9,19,134694,0,0,0,0,527346
0,dependabot[bot],0,0,0,0,0,0,0,0,0,0
0,hectr,23,61712,26,323,267416,0,0,0,0,0
0,plokijuhhb,1,1705,1,5,0,0,0,0,0,0
0,priteshrnandgaonkar,32,2957734,294,779,788384,0,0,0,0,0
0,ryanhornik-as,0,0,0,0,0,0,0,0,0,0
0,seanadams540,0,0,0,0,0,0,0,0,0,0
0,istio-testing,0,0,0,0,0,0,0,0,0,0
0,rshriram,8,81655,57,55,0,0,0,0,0,0
0,geeknoid,10,14598,10,67,0,0,0,0,0,0
0,ayj,3,454894,0,30,0,0,0,0,0,0
0,sebastienvas,3,424,0,9,0,0,0,0,0,0
0,ozevren,0,0,0,0,0,0,0,0,0,0
0,ldemailly,10,5116,8,100,0,0,0,0,0,0
0,andraxylia,0,0,0,0,0,0,0,0,0,0
0,ymesika,4,52740,1,95,0,0,0,0,0,98125
0,myidpt,8,259499,12,93,0,0,0,0,0,0
0,hklai,0,0,0,0,0,0,0,0,0,0
0,quanjielin,0,0,0,0,0,0,0,0,0,0
0,diemtvu,12,4098,1,48,0,0,0,0,0,0
0,wattli,0,0,0,0,0,0,0,0,0,0
0,lookuptable,9,2798,3,124,0,0,0,0,0,0
0,jmuk,9,9593,43,272,0,0,0,0,0,0
0,ZackButcher,8,94739,10,37,0,0,0,0,5229,0
0,vadimeisenbergibm,11,7016,24,415,0,0,0,0,0,0
0,gargnupur,0,0,0,0,0,0,0,0,0,6020
0,ijsnellf,1,22,0,1,0,0,0,0,0,0
0,clyang82,6,798292,0,47,0,0,0,34670,0,0
0,sushicw,1,38,0,2,0,0,0,0,0,0
0,pitlv2109,11,53375,0,228,0,0,0,0,6366,0
0,yutongz,3,589,0,15,0,0,0,0,0,0
0,gyliu513,13,4149131,16,1825,0,0,0,0,0,0
0,chxchx,2,3564,0,29,0,0,0,0,0,0
0,Nino-K,7,57724,1,60,0,0,0,0,0,0
0,selmanj,12,98396,2,815,0,0,0,0,0,0
0,yxue,12,5957622,3,209,85959,0,0,0,0,0
0,xiaolanz,0,0,0,0,0,0,0,0,0,0
0,tariq1890,6,6874,0,90,0,0,1986,0,0,0
0,utka,3,26205,2,115,0,0,0,0,0,0
0,AdamKorcz,4,2422,3,39,0,0,0,0,0,0
0,louiscryan,1,4536,2,38,0,0,0,52702,0,0
0,elevran,7,77903,1,81,0,0,0,23322,0,0
0,objectiser,18,864132,62,390,0,0,885805,0,0,0
0,qiwzhang,1,724,4,6,0,0,0,12142,0,0
0,lichuqiang,2,2080200,0,10,0,0,0,819680,0,0
0,sbezverk,23,2230887,120,1544,0,0,0,601436,0,0
0,jeffmendoza,17,750710,8,171,0,0,0,0,0,0
0,Tahler,38,103930,14,3377,0,0,0,0,3710,0
0,venilnoronha,9,1363576,83,291,0,0,75046,0,0,0
0,johscheuer,31,2496322,38,432,0,0,0,0,0,0
0,kramerul,1,1771,0,8,0,0,0,39723,0,0
0,c0d1ngm0nk3y,12,12235,1,404,0,0,45758,0,0,0
0,john-a-joyce,0,0,0,0,0,0,0,0,0,0
0,nschhina,13,63221,6,272,0,0,0,0,106560,0
0,mattdelco,1,122,0,57,0,0,0,0,0,0
0,zachgersh,2,1215,0,40,0,0,0,0,0,0
0,mangchiandjjoe,3,481,0,10,0,0,0,0,0,0
0,smawson,3,1001,0,17,0,0,0,2216,0,0
0,liamawhite,9,22648,12,96,0,0,0,0,0,0
0,SpecialYang,19,2490287,24,155,0,0,990287,0,0,0
0,abhide,7,2867,0,47,0,0,0,2115,0,0
0,fisherxu,3,3605537,3,76,0,0,0,0,0,0
0,manlinl,4,182150,2,40,0,0,0,1079,0,0
0,luksa,24,591273,2140,342,0,0,0,0,0,0
0,rlenglet,8,17718,41,153,0,0,0,0,0,0
0,cmluciano,9,17793,2,171,0,0,0,0,0,0
0,islinwb,7,51766,1,28,0,0,0,10631,0,0
0,mbanikazemi,3,387,1,25,0,0,0,0,0,0
0,axel7born,1,288,0,60,0,0,0,0,0,0
0,christian-posta,97,589957,725,1721,0,0,0,0,0,0
0,tiswanso,4,18891,4,36,0,0,0,0,0,0
0,gbaufake,8,656501,0,69,0,0,0,0,0,0
0,stewart-yu,2,858,0,12,0,0,0,0,0,0
0,jsPlachetka,1,1,0,1,0,0,0,0,0,0
0,rosenhouse,37,79693,38,427,0,0,0,0,0,0
0,wackxu,6,13666,0,58,0,0,0,0,0,0
0,shakti-das,1,228,0,3,0,0,3372,0,0,0
0,utako,25,294560,9,216,0,0,0,0,0,0
0,dwradcliffe,34,2593125,71,518,0,0,0,0,0,0
0,geoand,37,709702,41,9216,0,0,0,0,0,0
0,icygalz,1,6,0,3,0,0,0,0,0,0
0,crazytan,10,26593,7,504,0,0,0,0,0,0
0,tangiel,3,1630,0,103,0,0,0,0,0,0
0,holgero,10,55867,21,1212,0,0,0,0,0,0
0,joeyb,19,93208,94,168,0,0,0,0,0,0
0,philrud,2,2057,0,6,0,0,0,0,0,0
0,chowchow316,5,15650,5,10,0,0,0,0,0,0
0,yskopets,9,17136,31,34,0,0,121211,0,0,0
0,sakshigoel12,0,0,0,0,0,0,0,0,0,0
0,jackkleeman,11,1748650,33,224,0,0,0,0,0,0
0,supereagle,14,2858205,32,415,0,0,0,0,0,0
0,phil9909,2,13289,0,148,0,0,0,129371,0,0
0,robertpanzer,33,74058,26,268,405910,0,23037,0,0,0
0,zcahana,6,1561231,2,40,0,0,0,16269,0,0
0,knightXun,9,2206158,2,1143,0,0,0,0,0,0
0,rvkubiak,2,496,0,17,0,0,0,0,0,0
0,ChangyuWang,2,20020,1,115,0,0,0,0,0,0
0,kfaseela,0,0,0,0,0,0,0,0,0,0
0,zhuguihua,0,0,0,0,0,0,0,0,0,0
0,knight42,17,187176,146,377,0,0,0,0,0,0
0,waret,12,206234,5,138,0,0,0,0,48828,0
0,apicl,0,0,0,0,0,0,0,0,0,0
0,ronenschafferibm,3,2911,0,25,0,0,0,0,0,0
0,AdamDang,0,0,0,0,0,0,0,0,0,0
0,hanahmily,15,393551,2,99,0,0,141816,0,0,0
0,huang195,15,3451107,9,432,0,0,0,0,0,0
0,justinwei2,5,1187595,0,152,0,0,0,0,0,0
0,spikecurtis,7,8188,5,29,0,0,0,0,0,0
0,vbatts,86,3171797,581,4317,30,0,0,0,0,0
0,wenchenglu,0,0,0,0,0,0,0,0,0,0
0,xeviknal,23,125663,8,522,0,0,0,0,0,0
0,YaoZengzeng,17,17666267,104,436,6749758,0,0,1918616,0,0
0,YonkaFang,0,0,0,0,0,0,0,0,0,0
0,mathspanda,10,1272959,1,164,0,0,0,0,0,0
0,zc2638,28,721273,864,1308,0,0,0,0,862004,0
0,canthefason,2,1213,0,21,0,0,0,21276,0,0
0,bison,4,1416557,0,54,0,0,0,0,0,0
0,cgilmour,8,4869,1,45,0,0,0,10684,0,0
0,ckcd,4,23258,0,57,0,0,0,23302,0,0
0,AsCat,10,54973,0,299,0,0,10494,0,0,0
0,bcheung,8,4112866,4,593,0,0,0,0,0,0
0,gnirodi,0,0,0,0,0,0,0,0,0,0
0,ping035627,0,0,0,0,0,0,0,0,0,0
0,jnativio,16,11365,0,186,0,0,0,0,44984,0
0,sha-rath,0,0,0,0,0,0,0,0,0,0
0,loewenstein,3,982,0,38,0,0,0,0,0,0
0,seflerZ,4,160793,36,11,0,0,32121,0,0,0
0,alexburnos,1,695,0,10,0,0,0,7258,0,0
0,luckyxiaoqiang,1,16,0,5,0,0,0,0,0,0
0,brianwolfe,6,20585,0,97,0,0,0,0,0,0
0,christianang,11,4149993,3,231,0,0,0,0,0,0
0,redhotpenguin,60,3782471,85,7810,0,0,0,0,0,0
0,gliptak,14,816204,2,382,0,0,0,0,0,0
0,itaysk,27,245048,1019,501,0,0,0,0,0,0
0,zchee,264,11080584,1756,32528,311361,0,0,0,0,0
0,leecalcote,9,1278258,15,1090,0,0,0,0,56818,0
0,nlandolfi,26,1220178,0,1133,0,0,0,0,0,0
0,nicktrav,22,28538,10,428,0,0,0,0,0,0
0,pmichali,8,224876,10,263,0,0,0,0,0,0
0,PhilipGough,14,1288321,12,162,0,0,0,0,5372,0
0,rinormaloku,50,131454,980,578,0,0,3143,0,0,0
0,jronak,16,175871,35,145,0,0,0,0,0,0
0,theganyo,21,32000,220,335,230705,0,91856,0,0,0
0,SeriyBg,30,86800,11,588,0,0,0,0,46041,0
0,mathetake,12,31800,84,248,0,0,0,0,0,0
0,TrevorTaoARM,2,189733,0,8,20723,0,48473,479503,0,0
0,vikaschoudhary16,4,243312,17,25,0,0,0,0,0,0
0,110y,33,153887,89,1694,0,0,0,0,0,0
0,deveshkandpal24121990,6,87104,0,224,0,0,31850,0,0,0
0,domechn,18,571721,69,356,0,0,0,261924,0,0
0,l8huang,3,1069150,2,88,0,0,0,0,0,0
0,wangfakang,113,2295678,17,363,1226,0,0,0,0,0
0,vishalpowar,1,1631,3,12,0,0,0,5497,0,0
0,ydh926,3,2736,2,30,0,0,2660,0,0,0
0,shonecyx,1,17,1,12,0,0,0,0,0,0
0,rcurran1,0,0,0,0,0,0,0,0,0,0
0,ChenLingPeng,15,225684,6,276,0,0,0,0,0,0
0,saumoh,1,24101,23,12,0,0,0,0,0,0
0,zhucheng01,0,0,0,0,0,0,0,0,0,0
0,tanjunchen,25,2935204,112,272,0,0,0,0,0,0
0,adrianwg23,10,19699,2,346,0,0,0,0,0,0
0,XanderStrike,64,236106,384,1849,24744,0,0,0,2651,0
0,anandkumarpatel,34,257563,41,750,0,0,0,0,0,0
0,arkodg,0,0,0,0,0,0,0,0,0,0
0,blhagadorn,19,13278,18,165,753,0,74873,0,0,0
0,drichelson,8,67227,4,112,0,0,0,0,0,0
0,deva26,0,0,0,0,0,0,0,0,0,0
0,munnerz,48,16689227,1515,1177,0,0,0,0,0,0
0,Stono,54,215340,475,1430,0,0,0,0,0,0
0,whalecold,18,1544661,5,879,0,0,0,0,0,0
0,luisyonaldo,1,20186,1,29,0,0,0,0,12736,0
0,mdevilliers,61,1973626,448,2589,0,0,0,0,0,0
0,hickeyma,8,91704,0,67,0,0,0,0,0,0
0,nhsieh,2,21358,0,31,0,0,0,0,34609,0
0,rokii,3,424,0,13,0,0,11740,0,0,0
0,rytswd,19,1317931,45,2409,0,0,0,0,0,0
0,starizard,22,65651,7,320,0,0,0,0,2708,0
0,tak2siva,53,993703,110,759,4404,0,0,0,0,0
0,shriramsharma,44,128300,8,237,0,0,0,0,0,0
0,tvieira,13,42637,32,142,0,0,0,0,0,0
0,wlu2016,0,0,0,0,0,0,0,0,0,0
0,yp28,1,4226,0,123,0,0,0,0,0,0
0,andrewshaoyu,3,8818,0,21,0,0,0,3765,0,0
0,champly,18,-274464,45,465,0,0,0,29820,0,0
0,sniperking1234,16,129744,5,254,0,0,0,0,0,0
0,dzdx,14,164706,51,1582,0,0,0,0,566784,0
0,zhd173,7,210300,6,262,0,0,0,1274,0,0
0,helight,25,3632322,30,3565,0,0,0,0,0,0
0,luckoseabraham,1,63880,0,6,0,0,0,8606,0,0
0,FengyunPan2,7,1603512,0,16,0,0,0,0,0,0
0,liwenhao0810,0,0,0,0,0,0,0,0,0,0
0,rcernich,2,8562,5,16,0,0,137140,0,0,0
0,aaronshurley,6,2939,0,37,0,0,0,0,0,0
0,dicarlo2,2,83326,61,101,0,0,0,0,0,0
0,awwithro,6,547736,4,62,0,0,0,0,370628,0
0,sublimino,18,981758,197,322,0,0,0,0,0,0
0,plumdog,41,223316,256,1197,0,0,0,0,0,0
0,arcimboldo,8,58016,0,97,0,0,0,0,0,0
0,arianmotamedi,0,0,0,0,0,0,0,0,0,0
0,bingoarun,44,1041627,13,283,0,0,0,0,0,0
0,btoonk,0,0,0,0,0,0,0,0,0,0
0,keitwb,13,87234,8,207,0,0,0,0,3661,0
0,cezarsa,44,1116001,376,1249,2095,0,0,0,0,0
0,davidraskin,1,620040,0,1026,0,0,0,13608,0,0
0,EItanya,5,140820,0,71,0,0,0,0,0,0
0,ErikWittern,15,574800,195,362,0,0,930002,0,0,0
0,etifontaine,11,633589,1,238,0,0,0,0,0,0
0,kidiyoor,26,1619712,11,299,0,0,236859,0,0,0
0,chaudyg,5,32473,0,22,0,0,0,0,0,0
0,Haleygo,1,2383,0,9,0,0,0,0,0,0
0,harryge00,47,1612485,18,654,587,0,0,0,293217,0
0,harveyxia,19,626548,23,1519,0,0,0,0,514,0
0,mKeRix,10,217647,1061,1020,14048,0,0,0,0,0
0,wora,2,1996,1,50,0,0,0,48729,0,0
0,lcc3108,7,49736,1,274,0,0,0,0,1243,0
0,FrimIdan,3,4503,0,15,0,0,0,0,0,0
0,imikushin,29,256853,78,1016,0,0,0,0,0,0
0,jjasghar,189,562411,517,3756,0,0,0,0,0,0
0,jasminejaksic-zz,0,0,0,0,0,0,0,0,0,0
0,jpkrohling,50,2295817,17,209,0,0,9528,0,0,0
0,kerthcet,21,564164,67,1472,0,0,0,0,22114,0
0,249043822,0,0,0,0,0,0,0,0,0,0
0,k,38,269932,22,640,120740,0,0,0,0,0
0,krancour,4,9189,2,74,0,0,0,241506,0,0
0,ewbankkit,30,2533926,3,286,0,0,5959,0,0,0
0,leizhiyuan,6,144130,15,201,0,0,0,0,0,0
0,sevennt,12,8809,72,59,0,0,0,0,0,0
0,LillyWu,4,13211,0,76,1054,0,0,0,0,0
0,zenlint,6,40220,0,924,0,0,0,250858,0,0
0,listx,29,121691,51,5387,0,0,0,0,0,0
0,TianTianBigWang,0,0,0,0,0,0,0,0,0,0
0,lucasvmiguel,58,4035193,36,586,0,0,0,0,0,0
0,kramvan1,0,0,0,0,0,0,0,0,0,0
0,marshallford,18,79147,31,423,0,0,0,0,0,0
0,martonsereg,18,95196,27,269,0,0,0,0,0,0
0,michaelbannister,11,47410,1,107,0,0,7296,0,0,0
0,morlay,92,392865,249,765,0,0,0,0,221512,0
0,Niksko,24,70942,9,748,0,0,0,0,0,0
0,nikolay-pshenichny,12,72012,3,75,4498,0,0,0,0,0
0,hacktron95,4,181304,0,18,0,0,0,0,2823026,0
0,pinxiong,8,3784,1,131,0,0,15837,0,0,0
0,piotrkpc,8,18465,3,57,0,0,0,0,0,0
0,prune998,18,3755086,38,151,0,0,0,0,0,0
0,yacut,9,18369,4,55,0,0,0,0,223929,0
0,rmstoi,1,144,0,15,0,0,0,0,0,0
0,silverdev,14,1164094,11,1362,0,0,0,0,0,0
0,sarvaniv,0,0,0,0,0,0,0,0,0,0
0,SataQiu,29,219800,14,135,0,0,0,0,0,0
0,scaat,11,204545,1,129,0,0,6058,0,0,0
0,ssuchter,1,28,0,30,0,0,0,0,0,0
0,SchSeba,17,461039,4,145,0,0,0,0,0,0
0,songrgg,25,2926777,46,320,0,0,0,0,0,0
0,steffengy,14,29499,82,580,0,0,73045,0,0,0
0,stevehipwell,1,6826,0,3,0,0,0,0,5014,0
0,sebastien-prudhomme,26,310048,9,1895,0,0,0,0,1646,0
0,kimxogus,18,186672,553,1139,1073,0,0,0,0,0
0,houshengbo,20,7988798,4,18367,0,0,0,0,7403,0
0,wmuizelaar,1,876,0,2,0,0,0,0,0,0
0,panywei,2,64,0,13,0,0,0,0,0,0
0,zehuaiWANG,12,314109,2,193,0,0,40344,0,0,0
0,kimikowang,1,5679999,1,1794,0,0,0,1265719,0,0
0,chrisob,2,622,5,55,0,0,0,0,0,0
0,cocotyty,35,181465,67,539,119,0,0,0,0,0
0,dunjut,4,1126338,26,38,0,0,0,95364,0,0
0,dthomastx,5,225970,4,30,0,0,0,0,0,0
0,erdun,9,238270,0,49,207296,0,6317,0,51042,0
0,jfaixo,7,42150,1,79,0,0,0,0,0,0
0,jkbschmid,0,0,0,0,0,0,0,0,0,0
0,jxlwqq,52,3417544,1542,1664,0,0,0,0,11451,0
0,laek3,0,0,0,0,0,0,0,0,0,0
0,hwdef,6,16787,2,162,0,0,0,0,0,0
0,kevin21th,0,0,0,0,0,0,0,0,0,0
0,mnktsts2,0,0,0,0,0,0,0,0,0,0
0,Moriadry,13,44253,43,230,0,0,14464,0,0,0
0,paassdc,1,46,0,7,0,0,0,0,0,0
0,imroc,77,4677095,3114,2421,0,0,0,0,23268,0
0,salrashid123,158,447394,1144,1713,0,0,8880,0,0,0
0,wangchenglong01,0,0,0,0,0,0,0,0,0,0
0,x15zhang,1,23,0,5,0,0,0,272,0,0
0,yangson1,0,0,0,0,0,0,0,0,0,0
0,johnlanni,12,262855,40,126,0,0,0,0,0,0
0,adamglt,4,2436,22,28,0,0,0,0,0,0
0,AEGQ,2,8603,8,46,0,0,0,27801,0,0
0,Aakash2017,1,19452,0,4,0,0,0,0,22772,0
0,aaronmell,10,227436,103,448,0,0,0,0,0,0
0,aaronjwood,17,331000,281,3348,15599,0,25946,0,0,0
0,abbasally5,22,155727,3,213,0,0,0,0,0,0
0,boredabdel,16,7619,19,255,0,0,0,0,0,0
0,abhioncbr,16,302468,387,309,0,0,233646,0,0,0
0,adammil2000,0,0,0,0,0,0,0,0,0,0
0,asmith60,10,68207,7,252,0,0,0,0,32456,0
0,AdityaHarindar,3,3267,0,18,0,0,0,3403,0,0
0,epk,4,3353,152,130,0,0,0,0,0,0
0,ajaymandvekar,12,194063,10,25,0,0,0,0,0,0
0,aljesusg,19,279301,7,89,0,0,0,0,0,0
0,gmemcc,10,16592,14,352,0,0,0,1972,0,0
0,alexvanboxel,20,508502,309,274,0,0,0,0,0,0
0,baranov1ch,6,537033,28,198,0,0,0,0,38082,0
0,sgravrock,29,503472,4,1284,237993,0,0,0,0,0
0,ragaskar,33,103081,25,363,0,0,0,0,87617,0
0,pivotalops,1,481,1,7,0,0,0,0,0,0
0,sconover,39,205977,549,1704,0,0,0,0,0,0
0,johnjbarton,28,2816888,106,1677,0,0,0,0,367,0
0,tjarratt,93,903250,260,2319,2448448,0,0,0,0,0
0,UziTech,91,829486,187,13074,0,0,0,0,0,0
0,yopefonic,9,33979,3,112,0,0,0,0,192592,0
0,pimterry,77,1054769,4177,2751,0,0,0,0,22404,0
0,prantlf,124,1536896,481,4180,8962,0,0,0,0,0
0,prather-mcs,3,83290,0,70,0,0,0,0,632928,0
0,mrlannigan,45,35871,22,383,0,0,0,0,4844,0
0,robinboehm,60,1384424,117,1285,409733,0,100081,0,413627,0
0,rohit,4,2289,17,59,0,0,0,0,0,0
0,Havunen,10,91956,3,1925,40372,0,0,0,0,0
0,seanparmelee,2,2771,0,5,0,0,0,0,1757,0
0,a-r-d,33,740405,120,973,0,0,0,0,0,0
0,albertandrejev,9,45690,67,165,0,0,0,0,1066,0
0,rupurt,28,70239,69,314,0,0,0,0,0,0
0,ajvincent,9,236186,101,1018,0,0,0,0,6484,0
0,doochik,45,209091,134,1969,803689,0,0,0,273806,0
0,megahertz,40,387978,1606,1548,0,0,0,0,1614884,0
0,btakita,67,428762,656,3279,7936,0,0,0,0,0
0,caiotoon,3,147041,2,160,0,0,0,0,0,0
0,thewoolleyman,107,168675,259,3848,0,0,0,0,0,0
0,charleshansen,6,23712,54,189,0,0,0,0,18170,0
0,chivesrs,1,1022,0,91,0,0,0,0,1828,0
0,ChrisTM,12,21307,19,244,0,0,0,0,0,0
0,codymikol,38,1786920,49,1806,0,0,0,0,67,0
0,DamienCassou,66,5587523,732,20349,0,0,0,0,0,0
0,bjornblomqvist,17,12344,8,1060,0,0,0,0,0,0
0,dburt,12,303545,15,178,0,0,0,0,3225,0
0,d-reinhold,8,59624,8,1432,0,0,0,0,5161,0
0,fabiomcosta,30,47777,557,1800,0,0,0,0,39578,0
0,tidoust,15,31956,13,335,0,0,0,0,0,0
0,gunnarahlberg,21,82728,5,104,0,0,0,0,0,0
0,jboyens,26,21643,36,428,0,0,0,0,373,0
0,jcracknell,9,63494,0,883,0,0,0,0,205506,0
0,jan-molak,52,179745,863,2098,0,0,0,0,0,0
0,deadlyicon,155,1578671,297,3293,0,0,0,0,148,0
0,javenwang,2,1464,0,4,7413,0,0,0,0,0
0,jhamon,15,81392,16,445,0,0,0,0,0,0
0,kevinoid,55,169256,281,12520,0,0,0,0,0,0
0,lee101,27,8489907,14,1909,0,0,0,0,0,0
0,plukevdh,47,336819,50,1219,21936,0,0,0,0,0
0,maciej-filip-sz,1,10482,0,5,0,0,0,0,0,0
0,mark-rushakoff,55,840923,818,1017,0,0,0,0,0,0
0,mauricioborges,34,144814,5,942,0,0,0,0,0,0
0,marneborn,25,1164735,2,362,0,0,0,0,0,0
0,nicojs,75,809627,523,1236,217941,0,0,0,71769,0
0,Olical,102,619143,2975,9962,1120,0,0,0,43499,0
0,ptomato,36,11948130,162,4896,0,0,0,0,0,0
0,Finesse,17,100016,151,698,0,0,0,0,1802,0
0,teobais,41,381962,246,827,0,0,0,0,1377,0
0,lpww,33,315323,1,3350,49729,0,0,0,211604,0
0,tgirardi,11,8465,22,102,0,0,0,0,0,0
0,anseki,53,279636,3967,3487,0,0,0,0,157274,0
0,bengrunfeld,111,1472851,638,1974,0,0,0,0,0,0
0,grosser,205,779206,14033,13156,0,0,0,0,0,0
0,minhyeong-kim,0,0,0,0,0,0,0,0,0,0
0,shprink,56,535866,2318,1248,5785,0,0,0,641958,0
0,aaronang,58,385284,22,937,4401,0,48804,0,0,0
0,asherwoodcnet,0,0,0,0,0,0,0,0,0,0
0,slothmonster,18,90738,0,114,0,0,48899,0,0,0
0,parloti,32,203704,2,230,0,0,0,0,90144,0
0,alextreppass,2,853,1,8,0,0,0,0,16899,0
0,akoptsov,5,4021,0,41,0,0,0,0,42505,0
0,ath0mas,5,2287,8,56,0,0,0,0,0,0
0,andrewiggins,31,617842,493,1724,0,0,51253,0,0,0
0,AndreWillomitzer,19,507629,1,139,0,0,0,0,477,0
0,aeisenberg,19,606941,31,136,0,0,0,0,0,0
0,acinader,8,37086,6,69,0,0,0,0,0,0
0,aj-dev,10,39287,2,193,0,0,0,0,144099,0
0,bcaudan,6,53956,262,940,0,0,0,0,38234,0
0,beatrichartz,20,88660,675,774,0,0,0,0,1961,0
0,bjarkler,1,2081,0,289,0,0,0,0,2521,0
0,basawyer,9,808773,1,418,35132,0,141018,0,1502265,0
0,bbigras,29,62590,53,2629,0,0,0,0,0,0
0,cbandy,27,171336,197,2499,0,0,0,0,0,0
0,lalunamel,25,771580,48,403,0,0,0,0,13745,0
0,bodawei,13,87381,4,192,0,0,79633,0,0,0
0,danfinnie,28,260017,19,783,0,0,0,0,0,0
0,thedeeno,18,105630,39,294,0,0,0,0,0,0
0,dankurka,18,1403309,172,9772,0,0,0,0,3147,0
0,DanielHeath,79,1197367,85,987,165,0,0,0,28931,0
0,danilovaz,54,2971841,86,621,0,0,0,0,127348,0
0,Dari-K,0,0,0,0,0,0,0,0,0,0
0,kant,79,1123211,14,6085,0,0,0,0,10710,0
0,davetron5000,26,501710,1879,2244,0,0,0,0,0,0
0,divido,8,52213,0,211,0,0,0,0,0,0
0,dirkpuge,12,3518,0,128,0,0,0,0,0,0
0,dtychshenko,4,410199,6,18,31302,0,747364,0,7170732,0
0,edtsech,26,276945,62,1027,0,0,0,0,0,0
0,epabst,14,1188180,44,6636,0,0,0,0,0,0
0,eahanson,30,116249,100,389,52304,0,0,0,0,0
0,alur,10,540790,22,689,77467,0,0,0,0,0
0,EsrefDurna,39,2655619,5,5166,309759,0,0,0,0,0
0,riophae,26,77811,2543,2507,0,0,0,0,184113,0
0,gabrielhpugliese,51,670585,94,796,10488,0,5262,0,0,0
0,gdborton,50,1872011,702,1558,0,0,0,0,2772,0
0,kiewic,55,1080238,74,1135,2178,0,0,0,0,0
0,gregeinfrank,10,-5963,1,430,0,0,0,0,0,0
0,greghuc,6,12690,2,44,0,0,0,0,360552,0
0,slackersoft,6,6711,4,45,0,0,0,0,0,0
0,henrahmagix,48,2099612,104,1655,206723,0,0,0,24519,0
0,himajasuman,8,920300,0,28,0,0,0,0,22640,0
0,eltociear,14,990136,0,3610,0,0,0,0,0,0
0,ikonst,25,25387183,77,20307,1118140,0,0,0,0,0
0,James-Dunn,4,636,0,49,0,0,0,0,0,0
0,thw0rted,2,108,0,5,0,0,0,0,74,0
0,JannesMeyer,28,240294,309,1905,1711286,0,0,0,0,0
0,trusktr,48,990366,263,1490,0,0,0,0,24814,0
0,joeyparrish,11,34920,3,490,0,0,0,0,0,0
0,johnlinp,57,310685,270,1251,0,0,0,0,0,0
0,jberney,13,11591,1,177,0,0,0,0,107694,0
0,joscha,36,111800,255,1419,0,0,676,0,0,0
0,jpalermo,3,1170,1,14,0,0,0,0,0,0
0,joshk,12,30566,216,265,0,0,0,0,0,0
0,jurko-gospodnetic,0,0,0,0,0,0,0,0,0,0
0,aligneddev,14,307992,12,364,0,0,0,0,0,0
0,kkirsche,143,8558710,320,2611,13869,0,0,0,1003755,0
0,kris7t,16,3354967,16,317,79,0,0,0,0,0
0,ljwall,28,732168,18,1184,0,0,0,0,134165,0
0,limonte,11,46499,172,219,0,0,0,0,0,0
0,kryger,12,172301,2,89,0,0,0,0,0,0
0,majidmade,6,60184,0,138,0,0,0,0,53531,0
0,Maximaximum,8,42082,2,98,0,0,0,0,990,0
0,marcioj,35,419688,117,800,4600,0,0,0,0,0
0,mcamac,16,388399,129,873,0,0,0,0,2359573,0
0,ertrzyiks,89,436157,54,1842,0,0,0,0,146839,0
0,nextmat,9,45031,303,257,0,0,0,0,0,0
0,mattc41190,49,1606031,15,585,0,0,0,0,74288,0
0,matthewhuff89,16,41780,2,519,5141,0,0,0,2287,0
0,m1010j,3,33376,3,225,0,0,0,0,97762,0
0,leahciMic,67,411649,90,710,0,0,0,0,0,0
0,mmocny,25,145815,16,478,2736,0,0,0,0,0
0,metaweta,4,103671,40,112,0,0,0,0,0,0
0,chernetsov,4,844,0,29,0,0,0,0,12753,0
0,mkhanal,13,11049,5,87,0,0,0,0,0,0
0,pivotalzergling,0,0,0,0,0,0,0,0,0,0
0,Nebojsaa,5,20700,0,22,0,0,0,0,0,0
0,dubzzz,67,671431,3125,7347,0,0,0,0,0,0
0,obastemur,22,5142574,309,364,380748,0,206277,0,0,0
0,eventlistener,0,0,0,0,0,0,0,0,0,0
0,olleolleolle,11,54958,68,225,0,0,0,0,0,0
0,Osukaru,10,348617,16,127,0,0,0,0,0,0
0,rullopat,1,338,1,10,0,0,0,0,0,0
0,myitcv,41,-523002,240,921,0,0,0,0,664,0
0,paulvanbrenk,5,2063,0,11,0,0,0,0,43,0
0,pvdlg,15,-27296,341,1201,0,0,342310,0,0,0
0,prayagverma,35,10833901,13,1365,0,0,0,0,24375,0
0,rachelcarmena,21,2084336,24,554,0,0,1453,0,0,0
0,evoL,29,212345,92,1158,11638,0,0,0,0,0
0,reinrl,2,235,0,7,0,0,0,0,0,0
0,robbyice,8,50616,0,169,0,0,0,0,350053,0
0,cathoderay,52,683854,67,1223,0,0,0,0,6383369,0
0,sderickson,5,22375,10,228,0,0,0,0,183688,0
0,Scottkao85,28,1960523,1,424,0,0,0,0,4030320,0
0,SimenB,36,143527,795,2027,0,0,0,0,0,0
0,skupr,0,0,0,0,0,0,0,0,0,0
0,StephanBijzitter,1,2398,0,1,0,0,0,0,76455,0
0,smacker,36,7748441,288,962,0,0,0,0,75714,0
0,sunliwen,19,482339,2,769,0,0,0,0,3736,0
0,theefer,36,557289,113,7991,0,0,0,0,0,0
0,tkrotoff,14,241901,335,1868,0,0,0,0,1329,0
0,tdurtschi,13,812065,1,428,0,0,0,0,221210,0
0,terencehonles,11,67878,70,7547,0,0,0,0,0,0
0,CommanderRoot,3,37021,11,9508,0,0,0,0,10119,0
0,toddbranch,49,249211,31,1241,515,0,0,0,0,0
0,tcrayford,24,228903,657,1745,1291,0,0,0,0,0
0,tjgrathwell,17,48479,198,717,0,0,0,0,0,0
0,vikki,19,75193,18,151,0,0,0,0,994932,0
0,yasinkocak,7,2767,21,70,0,0,0,0,0,0
0,aptx4869,7,338719,5,97,0,0,0,0,0,0
0,codetriage-readme-bot,25,1112954,0,1258,0,0,53953,0,0,0
0,danielalexiuc,12,316055,16,58,858,0,0,0,0,0
0,darthjee,59,308925,11,4432,0,0,0,0,97454,0
0,guy-mograbi-at-gigaspaces,38,96527,1,957,0,0,0,0,0,0
0,apla,35,264841,710,4023,400735,0,0,0,0,0
0,josevalim,5,4827,393,62,0,0,0,0,0,0
0,eksperimental,35,282867,51,1314,0,0,0,0,0,0
0,lexmag,13,11831,1430,656,0,0,0,0,641,0
0,ericmj,21,240326,721,919,0,0,0,0,84756,0
0,whatyouhide,20,2723,3734,3456,0,0,0,0,0,0
0,alco,64,325744,3827,2304,143284,0,0,0,4902,0
0,wojtekmach,119,1526888,2338,2764,1090,0,0,0,0,0
0,yrashk,81,5114367,1156,5900,18956,0,0,0,0,0
0,fertapric,7,6139,165,326,0,0,0,0,0,0
0,jwarwick,41,967074,54,1047,0,0,0,0,0,0
0,fishcakez,36,78368,560,658,0,0,0,0,0,0
0,michalmuskala,45,1181702,2099,929,0,0,0,0,0,0
0,rafaelfranca,30,189182,107,1398,33575,0,0,0,10465,0
0,amatalai,4,774,0,20,0,0,0,0,0,0
0,devonestes,21,433814,1385,854,0,0,0,0,0,0
0,mururu,46,295064,281,595,0,0,0,0,0,0
0,michallepicki,9,24431,15,753,0,0,0,0,0,0
0,ggcampinho,1,5150,0,12,0,0,0,0,4397,0
0,ericentin,22,22308,642,402,4171,0,0,0,0,0
0,vanstee,37,490675,175,706,345926,0,0,0,0,0
0,chyndman,7,1216226,1,124,1860973,0,649066,0,14719,0
0,josephwilk,77,886396,1698,4811,35767,0,0,0,0,0
0,meh,262,972589,1070,13159,0,0,0,0,0,0
0,andrzejsliwa,75,752660,276,1079,0,0,0,0,0,0
0,fxn,22,74101,3226,2931,0,0,0,0,0,0
0,zhew2013,21,1208554,514,1311,5742,0,0,0,306821,0
0,pragdave,105,4375295,2339,3807,0,0,0,0,0,0
0,oneeman,1,73294,0,90,0,0,0,0,14459,0
0,hauleth,77,134517,1145,1504,0,0,537,0,382,0
0,xfumihiro,10,35739,2708,233,5138,0,0,0,0,0
0,myronmarston,33,6102404,206,780,0,0,0,0,0,0
0,guedes,21,249480,349,797,0,0,0,0,0,0
0,brunoro,20,391835,34,508,0,0,0,0,63333,0
0,henrik,55,26224,1814,3645,10310,0,0,0,0,0
0,MSch,38,102074,213,1470,198293,0,0,0,0,0
0,tsubery,1,2023,2,3,0,0,0,0,0,0
0,Qqwy,94,6804170,1271,8082,3280,0,0,0,535213,0
0,miaout17,22,187131,151,627,14838,0,0,0,0,0
0,bellthoven,6,22685,79,163,0,0,0,0,0,0
0,kelvinst,55,944486,48,882,0,0,0,0,18681,0
0,Gazler,63,227808,6964,1447,753,0,0,0,5998,0
0,lpil,167,2366424,1664,7160,0,0,0,0,0,0
0,thomasc,2,1950,5,2,0,0,0,0,0,0
0,doorgan,15,60045,170,530,0,0,0,0,0,0
0,v0idpwn,30,150440,18,390,0,0,0,0,0,0
0,lau,17,10820,896,1048,0,0,0,0,0,0
0,sabiwara,8,40252,132,503,0,0,0,0,102757,0
0,khia,22,51553,83,193,0,0,0,0,0,0
0,Raynes,104,461124,3104,4841,0,0,0,0,0,0
0,bitwalker,61,771869,10679,5919,0,0,0,9263,0,0
0,lest,28,177663,489,5207,0,0,0,0,0,0
0,PragTob,53,383075,525,2944,0,0,0,0,3826,0
0,DuoSRX,21,47131,41,636,0,0,0,0,0,0
0,bbense,18,1130262,62,244,0,0,0,0,0,0
0,Erol,27,24324,21,702,0,0,0,0,0,0
0,milmazz,33,433372,185,1885,0,0,0,0,0,0
0,pavlos,8,8001,56,136,0,0,0,0,0,0
0,bjfish,20,274946,57,233,0,0,0,0,0,0
0,eugulixes,0,0,0,0,0,0,0,0,0,0
0,hassanshaikley,16,169968,28,1603,0,0,0,0,22980,0
0,sasa1977,25,144375,4659,2680,0,0,0,0,359604,0
0,LostKobrakai,78,751156,134,1038,0,0,0,0,0,0
0,gmile,31,33966,30,1180,0,0,0,0,0,0
0,KronicDeth,22,866153,1559,7465,8747,0,0,0,0,0
0,martinsvalin,18,149112,90,992,0,0,0,0,68928,0
0,tonini,47,269034,1246,2493,0,0,0,0,0,0
0,liveforeverx,51,126769,289,334,380675,0,0,0,0,0
0,mobileoverlord,40,536696,272,478,7283,0,0,0,0,0
0,lackac,37,119624,195,682,3398,0,0,0,6053,0
0,gabrieltaylor,23,142975,7,1308,62096,0,0,0,213006,0
0,JakeBecker,8,163045,1300,524,0,0,0,0,2767,0
0,marcandre,34,101620,836,1236,0,0,0,0,0,0
0,nathanl,52,314939,631,1997,0,0,0,0,12091,0
0,lukaszsamson,31,126396,6,789,0,0,0,0,0,0
0,robi-wan,7,8763,6,227,0,0,0,0,0,0
0,AndrewDryga,14,71917,996,451,0,0,0,0,5748,0
0,benjamintanweihao,152,1022568,1069,1672,0,0,0,0,0,0
0,jbampton,27,10555870,57,2254,1233678,0,0,0,0,0
0,kimshrier,1,291,0,2,0,0,0,0,0,0
0,udaysinghcode,19,463407,14,1379,0,0,0,0,1358,0
0,wkhere,52,2054111,174,37723,22838,0,0,0,0,0
0,ivan,0,0,0,0,0,0,0,0,0,0
0,joshprice,23,75010,41,559,0,0,0,0,0,0
0,pedrosnk,28,107934,6,390,0,0,0,0,9596,0
0,jisaacstone,23,134034,69,322,0,0,0,0,0,0
0,edgurgel,22,182423,4695,3221,34330,0,0,0,0,0
0,tony612,66,726678,616,1700,8354,0,0,0,50332,0
0,Eiji7,1,1077,0,1,0,0,0,0,0,0
0,aerosol,51,352479,462,1677,2546,0,0,0,0,0
0,blatyo,46,438059,396,730,0,0,0,0,4184,0
0,augiedb,11,10670,2,188,0,0,0,0,0,0
0,benwilson512,21,81411,30,189,0,0,5682,0,0,0
0,qcam,19,1246746,758,736,0,0,0,0,0,0
0,gj,3,6544,72,291,0,0,0,0,0,0
0,guilleiguaran,88,-755484,1264,4837,216245,0,0,0,0,0
0,maennchen,5,24476,1287,387,0,0,0,0,0,0
0,britto,2,777,5,102,0,0,0,0,0,0
0,scrogson,55,199698,457,771,1018,0,0,0,0,0
0,sunboshan,19,31218,79,349,0,0,0,0,0,0
0,davydog187,47,48922,85,450,0,0,0,0,25717,0
0,Troush,15,96847,21,62,0,0,0,0,0,0
0,entertainyou,11,10623,2,395,0,0,0,0,0,0
0,am-kantox,65,179851,395,2599,0,0,0,0,0,0
0,uohzxela,37,2153869,1446,1051,5214,0,0,0,15425,0
0,alehander92,100,1249528,723,664,1194,0,0,0,0,0
0,betawaffle,20,11262,19,130,0,0,0,0,0,0
0,carlosgaldino,29,147989,991,515,0,0,0,0,0,0
0,christhekeele,40,71152,122,1041,0,0,0,0,0,0
0,davidsulc,30,1634208,754,1070,0,0,0,0,11996,0
0,fireproofsocks,18,793388,60,222,0,0,0,0,0,0
0,fhunleth,118,16951229,846,70667,179811,0,0,0,0,0
0,baldmountain,31,254266,33,359,0,0,0,0,0,0
0,axelson,58,571171,340,4007,0,0,0,0,0,0
0,justbaker,5,7971,4,135,0,0,0,0,0,0
0,kipcole9,47,3739056,624,2815,0,0,0,0,0,0
0,maartenvanvliet,39,183807,217,1579,0,0,0,0,0,0
0,mhinz,25,22824,24992,4009,3057,0,0,0,0,0
0,Nitrino,16,-52275,470,781,0,0,0,6386,0,0
0,uesteibar,40,1244275,466,1510,0,0,0,0,34295,0
0,xavier,26,434832,246,1137,0,0,0,0,0,0
0,drexin,4,2310,3,38,0,0,0,0,0,0
0,joeyates,61,134504,1236,3243,0,0,0,0,0,0
0,ktec,57,3120241,148,1368,0,0,0,0,0,0
0,wrachwal,6,59896,1,207,0,0,0,0,0,0
0,zambal,15,46621,222,448,0,0,0,0,0,0
0,balexand,13,32989,7,680,0,0,0,0,0,0
0,chrismccord,50,292118,4055,1346,0,0,0,0,0,0
0,jeremyjh,10,143540,1493,1744,1889,0,0,0,11149,0
0,lstor,1,9835,0,95,0,0,0,0,0,0
0,xiamx,29,2928604,990,330,0,0,0,0,0,0
0,styx,51,86487,99,898,0,0,0,0,1606,0
0,NJichev,21,20105,11,298,0,0,0,0,0,0
0,obahareth,19,534729,451,857,0,0,0,0,0,0
0,sorentwo,31,63589,3074,3150,1520,0,0,0,0,0
0,princemaple,47,140992,281,1714,0,0,0,0,346,0
0,wardbekker,26,115000,76,1841,0,0,0,0,0,0
0,jgmchan,8,16283,7,162,0,0,0,0,0,0
0,jsvisa,16,320766,32,196,0,0,0,0,0,0
0,manpages,113,234899,85,2500,0,0,0,0,0,0
0,mitchellhenke,45,2103095,48,990,3956,0,0,0,0,0
0,CrowdHailer,156,1117726,2269,7540,0,0,0,0,70859,0
0,madlep,37,259212,77,1345,0,0,0,0,0,0
0,asummers,11,13018,34,190,0,0,0,0,0,0
0,bschaeffer,9,4838,16,55,0,0,0,0,0,0
0,voltone,10,18085,130,206,0,0,0,0,0,0
0,Cohen-Carlisle,18,97825,2,640,0,0,0,0,0,0
0,c-rack,19,90404,240,941,271140,0,0,0,0,0
0,hlhr,0,0,0,0,0,0,0,0,0,0
0,hubertlepicki,45,59052,149,13053,191506,0,0,0,0,0
0,jparise,33,581068,1615,1853,40282,0,0,0,6390,0
0,Kabie,12,12803,43,159,0,0,0,446,0,0
0,lsylvester,18,41493,32,700,0,0,0,0,0,0
0,lucasweiblen,85,3459215,10,1115,25801,0,0,0,1328,0
0,maxlapshin,31,2519074,1168,1062,0,0,0,0,0,0
0,amorphid,165,1423856,17,3031,3352,0,0,0,0,0
0,pwoolcoc,60,328175,266,1684,0,0,0,0,0,0
0,pma,14,21344,768,481,0,0,0,0,0,0
0,philss,28,736414,1874,966,0,0,0,0,0,0
0,rlustin,11,11866,9,281,0,0,0,0,0,0
0,rrrene,46,147376,6276,6679,0,0,0,0,0,0
0,jayjun,7,7386,270,138,487,0,0,0,0,0
0,ToJans,46,388151,312,1737,0,0,0,0,0,0
0,WLSF,27,125975,34,266,400675,0,0,0,0,0
0,allyraza,37,754811,2,475,235,0,0,0,0,0
0,palexanderm,1,2,0,2,0,0,0,0,0,0
0,terceiro,26,312780,80,4555,30568,0,0,0,0,0
0,starbelly,14,7576,125,320,0,0,0,0,0,0
0,l4u,54,3334087,434,7003,8597844,0,0,0,0,0
0,n1rvana,17,202032,24,2186,0,0,0,0,0,0
0,tedhexaflow,0,0,0,0,0,0,0,0,0,0
0,mgwidmann,41,202265,294,1870,4417,0,0,0,12471,0
0,aptinio,7,7775,91,158,0,0,0,0,0,0
0,adrianomitre,23,105732,50,2551,282,0,0,0,0,0
0,cqfd,73,742699,134,651,439,0,0,0,0,0
0,arcz,5,113725,19,67,0,0,0,0,0,0
0,sionide21,51,4946764,67,1028,0,0,198438,0,0,0
0,bryanenders,12,4735,4,50,204,0,0,0,0,0
0,cblage,6,55642,260,815,0,0,0,0,1458095,0
0,cw789,9,829161,0,31402,0,0,0,0,824298,0
0,xtian,22,108412,56,942,0,0,0,0,3882,0
0,dch,32,2109943,62,29118,5508,0,0,0,0,0
0,drueck,17,207092,3,1102,0,0,0,0,44969,0
0,derekkraan,11,64113,1673,1141,0,0,0,0,0,0
0,ezkl,22,50786,139,450,0,0,0,0,0,0
0,gclementsatrue,0,0,0,0,0,0,0,0,0,0
0,ggpasqualino,17,92389,80,347,0,0,0,0,0,0
0,jdeisenberg,39,879917,161,689,0,0,0,0,0,0
0,jknipp,7,6509,8,38,0,0,0,0,0,0
0,iamvery,80,537297,170,3441,0,0,0,0,6426,0
0,jeanmatheussouto,29,2025182,11,557,0,0,0,0,0,0
0,jonatanklosko,31,501651,308,1437,0,0,0,0,0,0
0,J3RN,48,34318,49,4090,0,0,0,0,0,0
0,krestenkrab,33,1442471,1070,3418,113896,0,1417801,0,0,0
0,laurocaetano,23,39460,56,363,0,0,1430,0,0,0
0,lmarlow,10,2536,186,265,0,0,0,0,0,0
0,TheFirstAvenger,30,99889,357,336,0,0,0,0,0,0
0,nielsbom,18,138402,3,134,0,0,0,0,0,0
0,esse,44,148865,27,954,0,0,0,0,31346,0
0,QuinnWilton,36,99459,477,568,0,0,46585,0,0,0
0,RichMorin,7,82389,21,105,0,0,0,0,0,0
0,rgreenjr,8,95446,43,1504,117,0,0,0,148,0
0,RudolfMan,3,4512,1,51,0,0,0,0,1742,0
0,techgaun,170,292374,4344,3243,2400,0,0,0,0,0
0,doomspork,34,76335,150,675,0,0,0,0,0,0
0,smaximov,30,258034,14,1447,0,0,0,0,29634,0
0,honsq90,4,4450,1,45,0,0,0,0,0,0
0,Sihui,14,732956,2,459,0,0,177578,0,0,0
0,smorin,28,2175722,88,580,0,0,0,0,0,0
0,ma2gedev,47,98252,455,1061,0,0,0,0,0,0
0,thiamsantos,38,44629,191,805,0,0,0,8391,0,0
0,TBK145,1,323,1,1,0,0,0,0,0,0
0,tomkadwill,31,79536,46,661,0,0,0,0,0,0
0,zgohr,19,70031,11,109,0,0,0,0,0,0
0,Zanadar,0,0,0,0,0,0,0,0,0,0
0,ephe-meral,23,862155,39,422,0,0,0,0,0,0
0,parroty,51,104357,2448,3312,0,0,0,0,0,0
0,preciz,17,7678,51,763,0,0,0,0,0,0
0,lacrosse,19,45959,4,580,0,0,0,0,0,0
0,ciaran,30,57874,516,394,153777,0,0,0,0,0
0,aaronrenner,57,193139,116,1512,0,0,0,0,25566,0
0,Adzz,111,1441577,150,1205,0,0,0,0,0,0
0,adamu,10,23797,18,147,0,0,0,0,0,0
0,xymbol,4,111943,14,100,0,0,0,0,42563,0
0,azizk,4,771990,45,2486,0,0,0,0,0,0
0,basdirks,2,665,0,134,0,0,0,0,560,0
0,volcov,7,18506,7,222,0,0,0,0,0,0
0,ctrlShiftBryan,59,1861268,3,502,0,0,0,0,0,0
0,carlosantoniodasilva,16,71606,209,799,0,0,0,0,506,0
0,carlosmn,22,1437389,55,433,0,0,0,0,0,0
0,fabrik42,29,203434,1072,757,0,0,0,0,0,0
0,cleidiano,7,37543,18,277,0,0,13592,0,0,0
0,hairyhum,42,681782,28,294,0,0,0,0,0,0
0,derekmcloughlin,14,202025,199,345,15682,0,0,0,0,0
0,dim,15,18605,44,82,0,0,0,0,0,0
0,zorbash,23,224690,587,1058,0,0,0,0,3621,0
0,dmlittle,7,15162,3,36,119417,0,0,0,0,0
0,henrythebuilder,5,9464,1,387,0,0,0,0,0,0
0,ekosz,48,162105,623,953,0,0,0,0,225869,0
0,wasnotrice,23,243906,54,638,0,0,0,0,0,0
0,eugmes,36,1657001,67,25945,91883,0,0,0,0,0
0,feliperenan,8,56808,35,369,0,0,0,0,0,0
0,fmcgeough,22,113435,12,282,0,0,0,0,0,0
0,gmcabrita,11,30476,188,1587,0,0,0,0,0,0
0,ipinak,15,19224,59,179,14448,0,0,0,0,0
0,JEG2,97,1008540,1875,2940,0,0,0,0,0,0
0,hrubi,12,8362,1,390,0,0,0,0,0,0
0,jeffkreeftmeijer,83,148700,1523,3274,618,0,0,0,0,0
0,jeroenvisser101,23,370582,65,170,0,0,0,0,237558,0
0,Joe-noh,147,656186,89,4690,37,0,0,0,0,0
0,vorce,54,1554577,86,1536,13617,0,0,0,0,0
0,johansja,15,5977,8,478,0,0,0,0,0,0
0,joladev,18,-15052,97,1391,0,0,0,0,601451,0
0,jwfearn,25,57055,4,619,0,0,0,0,156399,0
0,jonnystoten,13,41789,0,466,0,0,0,0,0,0
0,h4cc,54,111409,12367,3894,0,0,0,0,0,0
0,jur0,14,44444,37,616,0,0,0,0,3358,0
0,justinj,53,90848,359,1553,0,0,0,0,151889,0
0,kevinbader,10,3195136,10,212,0,0,0,0,0,0
0,Ljzn,37,351571,194,657,0,0,0,0,0,0
0,leandrocp,35,1113268,283,1028,0,0,0,0,0,0
0,marcelotto,7,38296,153,506,0,0,0,0,0,0
0,marciol,22,934779,27,393,0,0,0,0,0,0
0,kpanic,13,113082,100,676,0,0,0,0,0,0
0,mgartner,15,9412,1476,141,0,0,0,0,0,0
0,patrickgombert,17,36514,197,282,0,0,0,0,0,0
0,pdgonzalez872,31,1090076,24,1226,0,0,0,0,0,0
0,pdericson,10,39469,2,151,0,0,0,0,0,0
0,romul,36,193962,474,980,0,0,0,0,148,0
0,radar,117,277711,4653,6200,0,0,0,0,148,0
0,sashaafm,7,50565,161,318,0,0,0,0,0,0
0,saulecabrera,10,475324,28,516,0,0,244689,0,0,0
0,sabondano,70,1251980,69,1409,0,0,0,0,56905,0
0,slapxxi,40,346720,8,1409,0,0,0,0,0,0
0,sger,64,144744,3061,1603,660409,0,0,0,0,0
0,shdblowers,35,227451,14,2257,0,559,0,0,0,0
0,StevenXL,68,334127,12,1003,13251,0,0,0,0,0
0,tokafish,18,1918283,147,99,0,0,0,0,607414,0
0,supersimple,52,2635092,165,961,0,0,0,0,0,0
0,Tuxified,13,30634,23,149,0,0,0,0,688,0
0,Stratus3D,19,57183,308,2639,0,0,0,0,0,0
0,s3cur3,11,120158,71,410,687708,0,0,0,27830,0
0,dsdshcym,33,607280,143,2852,0,0,0,0,0,0
0,aforward,40,94947,114,1428,0,0,0,0,148,0
0,druzn3k,2,3500,0,8,0,0,0,0,0,0
0,fieldinrain,2,9,0,2,0,0,0,0,0,0
0,k1complete,26,106382,53,674,0,0,0,0,0,0
0,niku,98,3983552,223,2853,6800284,0,0,0,0,0
0,adkron,31,196872,193,772,0,0,0,0,0,0
0,jvf,11,435774,15,8328,0,0,0,0,641,0
0,ottolin,11,17168,7,213,0,0,0,0,0,0
0,superhawk610,40,178379,345,620,1428,0,0,3518,0,0
0,eproxus,30,91905,1162,1269,0,0,0,0,0,0
0,drincruz,43,738635,7,638,0,0,18575,0,0,0
0,albertoalmagro,18,286907,0,238,0,0,0,0,0,0
0,aleinside,8,39479,1,195,0,0,0,0,0,0
0,amarandon,19,461420,93,2726,0,0,0,0,0,0
0,brodeuralexis,28,72596,11,144,0,0,0,0,0,0
0,alistairstead,5,10976,13,611,0,0,0,0,31340,0
0,potatosalad,95,920626,549,14964,69224,0,0,0,0,0
0,Odaeus,3,910,2,22,0,0,0,0,0,0
0,AnilRedshift,44,3131158,20,1759,0,0,0,0,0,0
0,anildigital,78,316933,172,1362,0,0,0,0,0,0
0,arjan,124,935389,842,2808,683259,0,0,0,0,0
0,arkgil,28,308918,15,331,0,0,0,0,9225,0
0,artemrizhov,6,13543,164,250,0,0,0,0,0,0
0,blambi,2,431,0,14,0,0,0,0,0,0
0,BenBals,23,1217016,2,731,0,0,0,0,2374,0
0,FreedomBen,93,1872975,919,12751,0,0,0,0,43671,0
0,billgathen,33,187807,87,652,0,0,0,0,207632,0
0,achempion,17,18220,64,347,0,0,0,0,0,0
0,brettbeatty,25,30826,37,594,0,0,0,0,7433,0
0,orderthruchaos,8,5093,4,77,0,0,0,0,0,0
0,bcardarella,5,3874,180,156,0,0,0,0,0,0
0,thebrianemory,3,48895,275,177,0,0,0,0,37242,0
0,bgianfo,22,2234626,54,1154,0,0,0,0,263513,0
0,beedub,3,84492,0,1,0,0,0,0,0,0
0,bruce,60,180541,1041,2432,0,0,0,0,0,0
0,zeroum,0,0,0,0,0,0,0,0,0,0
0,bryanhunter,28,357888,152,588,0,0,0,0,0,0
0,bryanjos,60,412617,1055,2106,5068,0,0,0,7213,0
0,cameronp,13,25676,12,138,0,0,0,0,0,0
0,soteras,5,39528,1,308,0,0,0,0,0,0
0,ChrisBarthol,31,3662417,5,543,0,0,0,0,3539,0
0,cebernard,0,0,0,0,0,0,0,0,0,0
0,tyre,41,451194,448,1034,547,0,0,0,1282,0
0,camilleryr,34,343755,1,364,0,0,0,0,10823,0
0,m1dnight,31,611249,94,1141,0,0,196492,0,0,0
0,cas27,20,267406,39,370,0,0,0,0,0,0
0,revdan,11,14708,7,370,0,0,0,0,842,0
0,nifoc,15,-6226,11,650,0,0,0,0,0,0
0,darraghenright,28,579491,16,1474,0,0,0,0,3561,0
0,dcuddeback,16,116957,539,816,0,0,0,0,0,0
0,ukrbublik,19,300641,1253,1119,0,0,0,0,0,0
0,dnsbty,32,128274,77,992,0,0,0,0,84133,0
0,ericlathrop,23,67021,226,561,0,0,0,0,0,0
0,et,52,319430,28,716,0,0,0,0,0,0
0,qinix,29,336361,72,376,0,0,0,0,0,0
0,edennis,12,37538,29,188,0,0,0,0,0,0
0,enilsen16,114,953120,89,1814,78018,0,0,0,641,0
0,felipesere,63,311580,122,5490,0,0,0,0,0,0
0,fchabouis,25,55491,24,1890,0,0,0,0,45039,0
0,gjaldon,30,23706,866,736,0,0,0,0,0,0
0,garthk,36,50041,64,250,0,0,0,0,0,0
0,GeorgeTaveras1231,27,2774205,6,717,0,0,0,0,0,0
0,gianluca-nitti,14,192634,154,479,0,0,0,0,0,0
0,nirev,16,73692,54,1771,0,0,0,0,0,0
0,glazzari,2,294,0,18,0,0,4155,0,0,0
0,Enders,3,5307,6,30,0,0,0,0,0,0
0,gustf,4,11039,321,41,0,0,0,0,0,0
0,Hanspagh,23,1302527,9,454,0,0,0,0,0,0
0,QWYNG,29,182334,29,651,0,0,0,0,0,0
0,hissssst,10,32642,51,92,0,0,0,0,0,0
0,iangreenleaf,45,524058,240,1885,0,0,0,0,71909,0
0,igas,25,60307,26,292,0,0,0,0,0,0
0,van-mronov,10,40200,1,226,0,0,0,0,0,0
0,jcabotc,11,54800,21,573,0,0,0,0,0,0
0,jaimeiniesta,29,935648,37,511,0,0,0,0,0,0
0,jwworth,50,1084376,183,2298,0,0,0,0,0,0
0,jpb,15,118245,72,434,1800297,0,0,0,0,0
0,jrusso1020,12,7130676,23,3500,0,0,488266,0,0,0
0,jarsen,20,38953,80,380,36321,0,0,0,1176,0
0,jeregrine,7,3854,7,62,0,1112,0,0,0,0
0,ejpcmac,19,61659,660,1067,0,0,0,0,0,0
0,jerel,23,171952,304,2296,0,0,0,0,0,0
0,johan-carlsson,8,32177,1,616,0,0,0,0,0,0
0,mertonium,28,96084,54,587,12622,0,0,0,3070,0
0,jjcarstens,34,146528,101,1157,0,0,0,0,44637,0
0,jmbejar,8,51710,11,160,0,0,0,0,0,0
0,jbcrail,23,17919,12,361,0,0,0,0,0,0
0,jbranchaud,128,408795,11917,6129,33725,0,0,0,0,0
0,linjunpop,74,121377,499,2029,41217,0,0,0,15315,0
0,jung-hunsoo,3,734,4,23,0,0,0,0,0,0
0,ankhers,13,37734,66,205,0,0,0,0,0,0
0,kiela,4,636,3,221,0,0,0,0,0,0
0,k14i,21,158469,22,798,0,0,0,0,0,0
0,Kosmas,84,1196957,16,5269,0,0,0,0,0,0
0,wende,49,-547603,1213,6795,49188,0,0,0,0,0
0,lasseebert,31,133537,45,1115,0,0,0,0,0,0
0,duijf,17,64965,61,1297,0,0,0,0,0,0
0,mrluc,21,181352,605,337,4431,0,0,0,0,0
0,maco,16,64314,3,242,0,0,0,0,0,0
0,Maikon,44,278044,38,1451,0,0,0,0,2467,0
0,mrcasals,21,73415,28,678,0,0,0,0,0,0
0,crabonature,4,1758,0,10,0,0,0,0,0,0
0,mariusbutuc,60,1377413,14,1190,28579,0,0,0,270313,0
0,msaraiva,13,34636,981,569,0,0,0,0,0,0
0,Frost,37,50190,62,440,0,0,0,0,0,0
0,msysyamamoto,30,740698,18,483,0,0,0,0,6556,0
0,klippx,20,495923,132,425,5141,0,0,0,9999,0
0,notriddle,30,3069992,58,27723,0,0,0,0,554039,0
0,michaelkschmidt,6,32682,1,107,0,0,0,0,0,0
0,koudelka,22,39863,2336,434,17093,0,0,0,0,0
0,sokolnickim,1,11427,0,34,0,0,0,0,2908,0
0,mszczygiel,3,16200,1,24,0,0,0,0,0,0
0,MichalDolata,16,104747,0,232,0,0,0,0,0,0
0,szajbus,23,14900,185,796,0,0,0,0,0,0
0,linduxed,20,-39732,54,2477,0,0,0,0,0,0
0,boddhisattva,40,140554,3,1355,0,0,0,0,0,0
0,nbw,45,893580,155,1375,0,0,0,0,23950,0
0,njonsson,18,-9396,265,1690,0,0,0,0,0,0
0,olafura,27,182746,124,677,0,0,0,0,0,0
0,orenbenkiki,21,367485,87,1024,0,0,0,0,0,0
0,oskarkook,4,23096,5,229,0,0,0,0,0,0
0,pablocostass,2,4413,0,54,0,0,0,0,0,0
0,padde,25,79853,64,1906,15760,0,0,0,0,0
0,Hinidu,8,3535,3,396,0,0,0,0,0,0
0,noozo,16,115762,58,232,0,0,0,0,0,0
0,tlrobinson,87,3101192,2450,712,17006,0,0,0,0,0
0,willtrnr,14,26062,70,663,0,0,0,0,0,0
0,joebordes,3,27845,2,85,0,0,0,0,27781,0
0,dacort,49,127078,489,712,0,0,0,0,0,0
0,flyingmachine,80,583629,1391,5097,132194,0,0,0,1151,0
0,EvilPuppetMaster,0,0,0,0,0,0,0,0,0,0
0,victoriaspek,0,0,0,0,0,0,0,0,0,0
0,datos-ops,0,0,0,0,0,0,0,0,0,0
0,r-kot,0,0,0,0,0,0,0,0,0,0
0,cgopalan,24,12593,9,151,0,0,0,0,0,0
0,mavimo,44,1157419,168,773,0,0,0,0,0,0
0,michaelshobbs,11,2709,110,183,0,0,0,0,0,0
0,kenbier,7,873868,5,44,0,0,0,0,0,0
0,joshuashort,0,0,0,0,0,0,0,0,0,0
0,ascandella,27,6852603,45,119752,1107297,0,0,0,0,0
0,pfeiffer,7,83032,5,111,0,0,0,0,0,0
0,jornh,1,490,3,15,0,0,0,0,0,0
0,ogeagla,26,178050,19,935,15,0,0,0,13343,0
0,chaudum,22,24331,48,308,0,0,0,0,0,0
0,stefano,20,261127,243,391,0,0,0,0,0,0
0,Varunram,22,3013613,80,384,4868,0,0,0,279040,0
0,jbrooksuk,45,265512,1618,827,181537,0,0,0,0,0
0,lukaswelte,26,1991371,155,952,1318883,0,0,0,0,0
0,borkdude,100,464068,2714,6198,0,0,0,0,0,0
0,wtfleming,25,392058,114,1274,0,0,0,0,0,0
0,metamben,0,0,0,0,0,0,0,0,0,0
0,bshepherdson,58,2044217,114,1499,0,0,0,0,0,0
0,lmatsuura,0,0,0,0,0,0,0,0,0,0
0,michaelshen7310,0,0,0,0,0,0,0,0,0,0
0,nikita2206,22,49265,22,405,0,0,0,0,0,0
0,tanzoniteblack,12,1816558,11,866,0,0,0,0,0,0
0,wvengen,25,12384066,611,3021,0,0,0,0,0,0
0,brunobergher,10,1004,0,28,0,0,0,0,0,0
0,puhrez,29,1156713,1,238,0,0,0,0,1647,0
0,mariusz-jachimowicz-83,19,13578,6,230,0,0,0,0,0,0
0,marcua,25,160220,308,1704,0,0,0,0,0,0
0,bobwaycott,2,44092,6,233,0,0,0,0,321892,0
0,malthejorgensen,32,232639,6,549,0,0,0,0,0,0
0,psalaberria002,10,247065,3,204,0,0,3939755,0,105942,0
0,danielledalton,0,0,0,0,0,0,0,0,0,0
0,AlexanderKraev,0,0,0,0,0,0,0,0,0,0
0,snoe,19,144827,170,274,38,0,0,0,0,0
0,MarkRx,0,0,0,0,0,0,0,0,0,0
0,ghiculescu,10,13019,199,73,0,0,0,0,0,0
0,alexcwatt,9,8770,10,118,0,0,0,0,0,0
0,anoopk19,1,144,0,1,0,0,0,0,0,0
0,aslanbakirov,19,5129157,14,110,0,0,0,0,0,0
0,celwell,16,2000587,2,108,4158556,0,0,0,0,0
0,devurandom,40,400833,88,20700,171173,0,0,0,0,0
0,dv321,7,121502,0,27,0,0,0,0,0,0
0,federicotdn,41,1618454,482,2467,0,0,0,0,0,0
0,valtlfelipe,3,10161,76,183,37,0,0,0,0,0
0,ipeevski,8,127036,18,142,0,0,0,0,0,0
0,jacktasia,15,20835,1448,1215,0,0,2121,0,0,0
0,parisholley,14,95331,195,553,0,0,0,0,0,0
0,pjaspers,41,1080488,131,3699,645514,0,0,0,0,0
0,rplevy,34,493584,738,637,0,13579,0,0,0,0
0,rodo,31,343806,52,1667,0,0,0,0,0,0
0,yejianye,23,159251,134,536,0,0,0,0,0,0
0,Shashwat986,61,5806325,17,711,0,0,0,0,0,0
0,lins05,12,670334,9,22742,5461,0,0,0,0,0
0,botchniaque,10,62985,33,70,0,0,91162,0,0,0
0,wilson,8,320475,12,104,0,0,0,0,0,0
0,jaredmcdonald,32,97357,11,592,0,0,0,0,19793,0
0,sunui,13,572432,9,61,753,0,0,0,224780,0
0,PatButlerTR,0,0,0,0,0,0,0,0,0,0
0,rthouvenin,3,192635,0,176,0,0,0,0,0,0
0,VikramTiwari,74,2749284,231,1884,0,0,0,0,0,0
0,0xflotus,76,114996,38,57270,0,0,0,0,0,0
0,Addvilz,27,41878,93,222,0,0,1405,0,0,0
0,alai04,21,24620,1,133,38,0,0,0,0,0
0,andrioni,22,49980,42,648,0,0,0,0,0,0
0,AlexBeggs,5,3937,1,56,0,0,0,0,0,0
0,maliayas,10,56003,41,266,0,0,0,0,0,0
0,asavoy,15,20392,11,87,0,0,0,0,0,0
0,aminvakil,18,32553,32,1999,0,0,0,0,0,0
0,andrewboltachev,33,43219,11,616,0,0,0,0,0,0
0,ei-grad,75,270157,260,1559,0,0,0,0,0,0
0,stieg,7,114862,5,59,0,0,0,0,0,0
0,podviaznikov,42,654768,88,1945,0,0,0,0,324345,0
0,abn,88,294901,118,3518,0,0,0,0,0,0
0,azundo,7,37928,14,303,0,0,0,0,0,0
0,bcherry,15,108112,158,629,16858,0,0,0,519864,0
0,blx,9,5359,16,490,0,0,0,0,25073,0
0,Bonifacio2,32,217474,2,287,0,0,0,0,0,0
0,CarlRosell,8,22944,5,123,0,0,0,0,3253,0
0,Cerberus,12,137165,134,408,0,0,0,0,1122906,0
0,cmann50,0,0,0,0,0,0,0,0,0,0
0,sturgill,6,24123,4,330,0,0,0,0,0,0
0,cjwooo,2,123,0,3,0,0,0,0,0,0
0,c-oreills,46,674513,62,1414,0,0,0,0,0,0
0,pygeek,9,4139,4,79,0,0,0,0,0,0
0,dakshshah96,21,236649,2983,919,0,0,0,0,76701,0
0,dleve123,12,190616,1,588,0,0,0,0,10366,0
0,deecewan,47,250410,64,735,12297,0,0,0,0,0
0,davidszkiba,2,2203,1,18,0,0,0,0,0,0
0,diwu1989,26,665476,18,887,0,0,0,0,0,0
0,diegmonti,6,10400,8,112,0,0,0,0,0,0
0,rubiagatra,72,666236,169,445,38,0,0,0,0,0
0,druwynings,1,1269,1,4,0,0,0,0,878,0
0,dylburger,78,225079,154,1230,0,0,0,0,0,0
0,etlweather,7,17479,111,154,0,0,0,0,0,0
0,erp12,36,277192,116,913,0,0,0,0,0,0
0,edenzik,38,1450525,27,1691,503598,0,307562,0,0,0
0,elarouche,0,0,0,0,0,0,0,0,0,0
0,emurphy,13,159466,8,515,0,0,0,0,0,0
0,ericdallo,51,631307,153,1680,111,0,40406,0,0,0
0,etiennecallies,1,865,0,13,0,0,0,0,0,0
0,ekalinin,41,1728284,7897,3571,0,0,0,0,0,0
0,facundofarias,12,1875372,1185,389,0,0,0,0,1112160,0
0,frankzhao,24,120927,8,995,0,0,0,0,0,0
0,argvader,13,18329,1,55,0,0,0,0,0,0
0,marketingnerds,1,778,0,10,0,0,0,0,0,0
0,GuiSim,7,17879,7,314,0,0,0,0,313063,0
0,hkothari,1,134,1,1,0,0,0,0,0,0
0,haydn,9,249240,30,143,0,0,0,0,15552,0
0,hhfa1990,5,51449,6,56,0,0,0,0,429,0
0,HugoCornu,2,11906,0,8,0,0,0,0,0,0
0,hgwood,47,2168703,88,2362,0,0,107675,0,0,0
0,halves-ubiwhere,0,0,0,0,0,0,0,0,0,0
0,ifosch,31,94870,95,797,0,0,0,0,39181,0
0,jc-louis,0,0,0,0,0,0,0,0,0,0
0,jacobfrackson,2,2894,0,3,0,0,0,0,4827,0
0,jestan,9,8706,65,177,0,0,0,0,0,0
0,jimmy-outschool,3,41,0,4,0,0,0,0,0,0
0,jodok,5,14984,0,15,0,0,0,0,156889,0
0,joeirimpan,33,164010,58,827,0,0,0,0,0,0
0,wjoel,19,8030,74,182,0,0,0,0,0,0
0,johnbacon,5,14072,6,281,0,0,0,0,0,0
0,joneath,23,384756,181,633,0,0,0,0,0,0
0,josegonzalez,106,351262,2687,8443,0,0,0,0,0,0
0,jgoux,10,16201,193,134,0,0,0,0,32597,0
0,u2mejc,4,287,5,13,0,0,0,0,0,0
0,perrinjerome,20,1237800,15,525,0,0,0,0,0,0
0,kkalyan,8,1029769,0,13,0,0,15316,0,0,0
0,gkarthiks,74,5361382,113,1553,0,0,3668,0,0,0
0,khtdr,18,215875,106,1203,0,0,0,0,384084,0
0,kgeis,0,0,0,0,0,0,0,0,0,0
0,thisiskj,8,55116,28,136,0,0,0,0,15970,0
0,kistleh,1,1016,0,6,0,0,0,0,0,0
0,psaniko,5,5122,2,68,0,0,0,0,0,0
0,kimroen,12,155284,390,891,0,0,0,0,57119,0
0,dashkb,20,120771,15,496,0,0,0,0,0,0
0,LewisJEllis,18,30629,3033,347,0,0,0,0,0,0
0,lindsay-stevens,12,317169,41,472,0,0,0,0,0,0
0,lattwood,12,440033,0,787,0,0,0,0,0,0
0,perseghini,14,152291,5,61,24488,0,0,0,0,0
0,mvertes,10,17635,64,134,0,0,0,0,936,0
0,marekaf,48,825514,111,522,0,0,212405,0,0,0
0,mfeckie,61,346765,226,2773,37,0,0,0,2966,0
0,mattbillenstein,9,13878,28,348,0,0,0,0,0,0
0,matthewconstantine,6,42401,61,34,0,0,0,0,1021176,0
0,matthieu-foucault,15,24721,3,81,0,0,5860,0,0,0
0,maxgashkov,0,0,0,0,0,0,0,0,0,0
0,kaplanmaxe,44,1233883,103,376,14352,0,23049,0,0,0
0,MxKaras,1,2789,0,36,0,0,0,0,0,0
0,maxzheng,24,55606,78,2063,0,0,0,0,0,0
0,cycomachead,39,253840052,45,2389,162286,0,0,0,0,0
0,michaelglass,14,3015482,18,157,0,0,0,0,0,0
0,michaelklishin,81,891553,3764,9198,0,0,0,0,0,0
0,mkopinsky,7,26079,3,194,0,0,0,0,0,0
0,michael-todorovic,2,69,0,29,0,0,0,0,0,0
0,whatthewhat,9,27652,45,208,0,0,0,0,0,0
0,mfazekas,20,58503,15,568,245777,0,0,0,0,0
0,farnasirim,33,511464,29,823,0,0,11256,0,0,0
0,morganhankins,2,5775,0,21,0,0,26926,0,0,0
0,redhoyasa,12,726692,15,251,0,0,0,0,174174,0
0,nsmith5,41,1334919,146,1296,0,0,0,0,0,0
0,nvercamm,1,45,0,1,0,0,0,0,0,0
0,nielspardon,0,0,0,0,0,0,0,0,0,0
0,orlando,28,420309,31,519,0,0,0,0,28282,0
0,ojongerius,12,319844,31,470,0,0,0,0,0,0
0,paulduran,9,426898,44,294,0,0,0,0,0,0
0,rohitpaulk,35,866438,291,47206,0,0,0,0,0,0
0,paularmand,2,157828,1,15,0,0,0,0,2744025,0
0,philippeapril,0,0,0,0,0,0,0,0,0,0
0,pdbrown,5,8528,0,41,0,0,0,0,0,0
0,Plugner,11,8484,2,40,0,0,211724,0,0,0
0,bobchao,19,208418,49,126,0,0,0,0,16550,0
0,aregee,37,603463,42,552,0,0,0,0,0,0
0,RanFeldeshKik,0,0,0,0,0,0,0,0,0,0
0,raphaelmerx,16,227677,10,92,0,0,0,0,7641,0
0,richardlt,26,1057003,46,411,10145,0,0,0,0,0
0,romannekhor,4,802,2,23,0,0,0,2868,0,0
0,ryancw,14,196262,19,211,0,0,0,0,122225,0
0,samhogg,9,82261,31,185,0,0,0,0,1791,0
0,pokoli,27,253244,9,516,0,0,0,0,239112,0
0,sh-tatsuno,40,3517932,20,282,38,0,0,0,0,0
0,moio,8,533086,57,406,0,0,17794,0,0,0
0,snkashis,4,5863,2,61,0,0,0,0,1864,0
0,smokris,13,2169872,144,2910,2538855,0,0,0,20431,0
0,stratosgear,18,148756,3,753,0,0,0,0,0,0
0,pmint93,6,4180,16,159,0,0,0,0,0,0
0,rawyler,9,35377,10,95,0,0,0,0,0,0
0,TomSesselmann,5,880699,0,41,22116,0,6591,0,36312,0
0,tiagovarela,4,1998,2,24,0,0,0,0,0,0
0,spike008t,29,157555,10,889,0,0,0,0,0,0
0,gitim,8,73129,742,150,0,0,0,0,0,0
0,tjmcewan,3,4475,1,91,0,0,0,0,0,0
0,tpope,79,96730,87970,10538,0,0,0,0,0,0
0,tobbbles,8,315336,8,241,0,0,0,1710,0,0
0,tomaspinho,12,879571,1289,386,0,0,0,0,0,0
0,vaenow,41,688110,402,702,554330,0,0,0,0,0
0,fulldecent,78,633789,8535,4970,0,0,0,0,0,0
0,williamjacksn,63,210191,86,4318,0,0,0,0,0,0
0,wsvincent,51,9197233,9003,970,0,0,0,0,841,0
0,amyuki,10,23038,0,127,0,0,0,0,0,0
0,yannickcornaille,1,1946,0,1,0,0,0,0,2655,0
0,yeskas,2,2811,0,110,0,0,2536,0,4599,0
0,yo-iida,16,17709,4,225,0,0,0,0,12868,0
0,YuriGal,0,0,0,0,0,0,0,0,0,0
0,adamfeldman-ris,1,1,0,1,0,0,0,0,0,0
0,ajatamayo,10,260241,0,151,0,0,0,0,0,0
0,aljkor,0,0,0,0,0,0,0,0,0,0
0,asyncopation,1,36,0,4,0,0,0,0,0,0
0,cahlchang,11,73213,4,1179,0,0,0,0,0,0
0,chadawagner,0,0,0,0,0,0,0,0,0,0
0,kaklakariada,22,276107,563,1678,0,0,2810,0,0,0
0,criess,3,206829,0,64,0,0,3988,0,0,0
0,etoulas,10,40200,5,228,0,0,226107,0,0,0
0,dogma0,11,205752,0,346,0,0,0,2239,1064,0
0,ghaudiquet,0,0,0,0,0,0,0,0,0,0
0,hawaiik,2,315,3,25,0,0,0,0,0,0
0,heckendorfc,24,638109,43,1038,0,0,0,0,0,0
0,iGitScor,48,142951,63,513,0,0,0,0,261587,0
0,jf-beauvais,0,0,0,0,0,0,0,0,0,0
0,joannekoong,4,42134,0,91,0,0,0,0,12844,0
0,iamkyu,23,70266,72,702,0,0,0,0,0,0
0,matt-sanders,9,29632,17,304,0,0,0,0,419581,0
0,mix5003,5,164435,1,56,0,0,0,0,126363,0
0,okoriko,0,0,0,0,0,0,0,0,0,0
0,shaohua,58,568126,402,3425,36526,0,0,0,0,0
0,ssilberman,0,0,0,0,0,0,0,0,0,0
0,taogawa,2,9962,3,96,0,0,0,0,368,0
0,wangkang,1,16179,0,99,0,0,182160,0,0,0
0,wsterzik,0,0,0,0,0,0,0,0,0,0
0,xgdgsc,22,114258,13,191,0,0,0,0,0,0